word,quantity
на,824
в,741
и,521
ли,473
есть,448
кто,436
с,375
по,375
привет,339
как,332
всем,270
у,259
подскажите,194
если,188
можно,185
пожалуйста,170
не,164
что,160
может,134
или,124
из,116
анон,109
для,97
здравствуйте,86
кого,82
за,79
направление,76
а,73
ктото,70
про,70
ктонибудь,69
добрый,69
к,67
день,64
расскажите,62
сколько,61
какие,61
учится,61
ребят,60
я,58
то,57
будет,56
хочу,56
технологии,56
проходит,55
знает,55
помочь,54
поступать,53
вопрос,53
тут,53
те,53
курса,53
после,52
где,51
академ,51
это,50
курс,49
когда,49
рассказать,49
вас,49
бы,48
можете,47
о,47
курсе,47
поступить,46
этом,46
экзамен,45
ребята,43
вам,42
обучение,42
проходят,42
возможно,41
бюджет,41
узнать,41
доброго,41
стоит,40
политехе,40
году,39
перевестись,39
обучения,39
получить,38
вы,38
которые,37
вообще,37
вступительные,37
вуза,36
политех,36
направления,35
меня,35
уже,35
могут,34
информационные,33
вузе,33
времени,33
но,33
учиться,33
там,33
сложно,33
дизайн,32
общежитие,32
же,32
общаге,31
при,31
магистратуру,31
общественностью,31
другого,30
от,30
сейчас,30
все,29
общагу,29
до,28
анонимно,28
группы,28
только,28
был,28
системы,28
нибудь,27
физре,27
время,27
направлении,27
связи,27
чтобы,27
специальности,26
факультет,25
дела,25
вуз,25
реально,25
суток,25
поступаю,25
управление,25
магистратуре,24
поступил,24
закрыть,23
нет,23
беседа,23
взять,23
скажите,23
какой,23
об,23
принимает,23
поводу,22
пары,22
общаги,22
лучше,22
каких,22
управления,21
вопросы,21
нас,21
общежитии,21
пд,21
сессии,21
люди,21
без,20
насколько,20
во,20
обычно,20
семестр,20
нужно,20
диплома,20
планирую,20
баллов,20
экзамены,20
расписание,19
дело,19
направлению,19
первого,19
их,19
хотелось,19
такой,19
общежития,19
сдавал,19
делать,18
заочке,18
возможность,18
пересдачи,18
какое,18
сдать,18
семестра,18
кому,18
каком,18
здесь,18
так,18
тебя,17
стипендию,17
факультета,17
диплом,16
учатся,16
другое,16
этот,16
переводился,16
подсказать,16
перевода,16
ты,16
сентября,15
студентов,15
со,15
приветствую,15
год,15
специальность,15
очно,15
когото,15
занятия,15
всего,15
пересдача,15
университете,15
реклама,15
сделать,15
дают,15
куда,15
рекламу,14
этой,14
место,14
всех,14
опыт,14
вопросов,14
политеха,14
года,14
хотела,14
сюда,14
рассматриваю,14
выбрать,14
были,14
предмету,14
другой,14
обстоят,13
будут,13
почему,13
физру,13
первом,13
причине,13
когонибудь,13
пж,13
дня,13
учебу,13
документы,13
технологий,13
информатика,13
сказать,13
найти,13
пройти,13
информационных,13
могу,13
семестре,13
истории,13
сайте,12
уйти,12
тех,12
дистанционно,12
заявление,12
думаю,12
обучении,12
перевод,12
второй,12
места,12
работать,12
производства,12
оно,12
никто,12
студенты,12
быть,12
была,12
правда,12
очень,11
графический,11
какая,11
бизнесом,11
пересдачу,11
работы,11
она,11
раз,11
они,11
мест,11
академа,11
надо,11
направлениях,11
этого,11
происходит,11
форме,11
один,11
целом,11
хотел,11
безопасность,11
баллы,11
дадут,11
поможет,11
поступал,11
вариант,11
лекции,11
написать,10
переводиться,10
повышенной,10
комфортности,10
того,10
одного,10
лабы,10
много,10
рекламы,10
заочку,10
первокурсников,10
онлайн,10
ещ,10
магистратуры,10
индустрии,10
корпусе,10
сессия,10
очнозаочное,10
он,10
баллами,10
собираюсь,10
именно,10
факультете,10
через,10
компьютерной,10
экзаменов,10
комиссии,9
группа,9
заочное,9
другую,9
инженерия,9
было,9
между,9
поделиться,9
часто,9
чтото,9
интеллектуальные,9
мне,9
какието,9
шансы,9
справку,9
поступления,9
корпусах,9
прикладная,9
своих,9
больше,9
комнате,9
стипендия,9
спросить,9
брать,9
математике,9
игровой,9
испытания,9
обеспечение,9
работает,9
преподавателей,9
получения,9
недели,9
ходить,9
да,9
договориться,9
зачет,9
универе,9
социальную,8
пересдач,8
издательское,8
друзья,8
мультимедиа,8
вступительным,8
университета,8
такое,8
преподы,8
очнозаочной,8
очное,8
ивт,8
проекта,8
учился,8
программная,8
попасть,8
обработки,8
комнаты,8
сразу,8
снимать,8
месяц,8
поступивших,8
подать,8
тем,8
систем,8
направлений,8
основном,8
еще,8
предметы,8
вебтехнологии,8
товарищи,8
студентам,8
безопасности,8
учба,8
данные,8
вступительных,8
совмещать,8
практику,8
данном,8
сдавать,8
дизайне,8
программное,8
кем,8
курсовую,8
комиссия,8
втором,8
разница,8
шарит,8
находил,8
вс,8
посмотреть,7
людей,7
вузов,7
предметов,7
предмет,7
пару,7
долгов,7
системная,7
несколько,7
материалов,7
выйти,7
примерно,7
заселение,7
пересдать,7
красного,7
какого,7
справки,7
строительство,7
буду,7
издательского,7
данный,7
рекламе,7
отпуск,7
номер,7
эту,7
экономика,7
прошлом,7
информационной,7
них,7
срочно,7
ее,7
какую,7
колледжа,7
данных,7
практика,7
ваш,7
егэ,7
потом,7
программы,7
институте,7
сдал,7
этих,7
магистры,7
теперь,7
оценки,7
интересует,7
брал,7
обратиться,7
препод,7
университет,7
народ,7
чем,7
клуб,7
пк,7
комиссию,7
курсы,7
форма,6
менеджмент,6
бакалавриат,6
под,6
вечер,6
графика,6
себе,6
посвят,6
поступает,6
отчислили,6
такая,6
разницы,6
спортивные,6
пар,6
студенческий,6
неделю,6
го,6
заочно,6
задать,6
программе,6
вероятность,6
течение,6
шанс,6
платки,6
учебы,6
вела,6
экономику,6
работу,6
информации,6
формате,6
числах,6
общага,6
поступающих,6
группу,6
качеством,6
тд,6
машиностроение,6
норм,6
абитуриентов,6
академический,6
поделитесь,6
информация,6
идти,6
тяжело,6
английскому,6
поступлении,6
первый,6
экзамена,6
хорошо,6
учат,6
комнату,6
инноватика,6
работой,6
выбор,6
ответить,6
ней,6
количество,6
журналистику,6
следующий,6
учебный,6
писал,6
деятельностью,6
проходить,6
it,6
транспортный,6
русский,6
учусь,6
ответы,6
математика,6
ит,6
отчислят,6
самое,6
мат,6
каким,6
стипендии,6
сдо,6
преподаватели,6
переводе,6
средства,6
магу,6
веб,6
тмм,6
получать,6
сессию,6
прикладной,6
отчислить,6
типа,6
курсах,6
этому,6
деятельности,6
имеется,6
уважительной,6
сих,5
пор,5
ждать,5
общежитиями,5
фите,5
нашем,5
мероприятия,5
д,5
поступили,5
москвы,5
деятельность,5
курсов,5
исит,5
практики,5
дать,5
одной,5
жить,5
бывает,5
изза,5
фит,5
журналистика,5
быстро,5
других,5
экзаменам,5
девушки,5
перед,5
связей,5
кабинете,5
анализа,5
академического,5
отпуска,5
биотехнологии,5
заочники,5
вычислительная,5
техника,5
часть,5
подробнее,5
приветик,5
поступившие,5
пообщаться,5
бизнессистемами,5
опытом,5
внутри,5
здоровья,5
тоже,5
технологических,5
процессов,5
производств,5
этим,5
платить,5
заочки,5
деле,5
граф,5
его,5
большие,5
открытые,5
человек,5
трудно,5
инновационной,5
рекламных,5
язык,5
программирования,5
спо,5
писать,5
какими,5
учебе,5
бюджета,5
долги,5
родителей,5
машин,5
оценку,5
красный,5
сильно,5
тему,5
заранее,5
зачт,5
физра,5
результаты,5
прошлого,5
обращаться,5
отчислении,5
причины,5
нужна,5
продлить,5
учбу,5
сегодня,5
кпк,5
платку,5
месяца,5
следующем,5
том,5
проектной,5
наушники,5
бюджетных,5
набебина,5
экономики,4
написано,4
оформлял,4
желательно,4
вот,4
одежды,4
общежитиях,4
квартиру,4
атмосфера,4
мы,4
остались,4
анимации,4
сентябре,4
города,4
сказали,4
долг,4
физры,4
бс,4
сфере,4
проходил,4
лабораторные,4
староста,4
академической,4
проконсультировать,4
дней,4
разработка,4
графику,4
секции,4
процесс,4
дали,4
второго,4
както,4
варианты,4
физкультуре,4
случайно,4
собирается,4
доки,4
знаю,4
робототехнике,4
условия,4
очку,4
парни,4
проживания,4
конкурс,4
аспирантуру,4
креативных,4
индустриях,4
выдают,4
защита,4
перспективные,4
какаянибудь,4
нем,4
начинаются,4
заявления,4
адрес,4
появляется,4
распределение,4
заочного,4
беседу,4
программной,4
инженерии,4
творческие,4
магистратура,4
возможности,4
списки,4
очнозаочном,4
нее,4
другие,4
снова,4
предметам,4
доброе,4
информационная,4
одно,4
должен,4
конце,4
издательском,4
думаете,4
балла,4
доп,4
дается,4
цифровые,4
сталкивался,4
книгоиздательское,4
дипломов,4
денег,4
художественной,4
артобъектов,4
промышленный,4
айти,4
девушка,4
рейтинг,4
вступительный,4
информатике,4
туда,4
абитуриент,4
информатику,4
сроки,4
подавать,4
разбирается,4
ку,4
преподов,4
подаче,4
проблемы,4
учебник,4
обратно,4
механике,4
посоветуйте,4
сможет,4
набрать,4
физике,4
валит,4
отсрочка,4
летом,4
восстановиться,4
пара,4
плане,4
графики,4
почти,4
программу,4
дипломом,4
транспортные,4
остался,4
другом,4
ходит,4
рогожкина,4
сопромату,4
новый,4
м,4
хочет,4
теории,4
зал,4
числа,4
ходил,4
просто,4
либо,4
основе,4
чертежами,4
выглядит,4
ргр,4
первую,4
повышенную,4
помощь,4
зале,4
магистрам,4
ведт,4
лс,4
универ,4
своего,4
администрирование,4
задолженность,4
обучают,4
отчислением,4
соседа,4
себя,4
пересдаче,4
дпо,4
отчисление,4
отчисления,4
смогу,4
заочка,4
вел,4
оценка,4
одновременно,4
график,4
интересно,4
преподаватель,4
живт,4
восстановить,4
две,4
оплаты,4
учеба,4
учбы,4
группе,4
переводится,4
случае,4
очного,4
старшие,4
справка,4
млта,4
очном,4
платном,4
перевожусь,3
очнозаочная,3
известно,3
кафедры,3
долгами,3
насчет,3
проект,3
легко,3
автоматы,3
дорогие,3
ждт,3
ул,3
профиль,3
художник,3
сам,3
графдизайн,3
ищу,3
посещать,3
мосполитеха,3
проведения,3
надзорная,3
труда,3
обучающиеся,3
нашего,3
ваше,3
понять,3
эта,3
заочникам,3
фита,3
одобрили,3
отчисляют,3
ну,3
машиностроения,3
переселиться,3
долго,3
дистант,3
недобор,3
эти,3
относятся,3
формы,3
инфа,3
ищет,3
беседы,3
чат,3
теплоэнергетика,3
девушек,3
собой,3
комунибудь,3
личном,3
свою,3
идет,3
заочной,3
медиасферы,3
двух,3
технических,3
горное,3
вечера,3
программирование,3
студент,3
ребятки,3
посоветовать,3
радиотехника,3
общагой,3
открытых,3
дверей,3
бесплатно,3
кружки,3
инжиниринг,3
момент,3
профиля,3
мобильные,3
абитуриенты,3
автомобилестроении,3
обновляются,3
общежитий,3
уникальных,3
зданий,3
сооружений,3
утро,3
поинтересоваться,3
ого,3
условиях,3
проходной,3
чего,3
нагрузке,3
особенности,3
принимать,3
иногородним,3
бюджете,3
перейти,3
платной,3
подавал,3
е,3
техносферная,3
личный,3
апелляцию,3
вручение,3
чаще,3
выбирать,3
вкр,3
мосполитех,3
ом,3
немецкий,3
база,3
рейтинге,3
пропустить,3
отделение,3
студенту,3
бакалавра,3
хорошая,3
материал,3
орг,3
сложные,3
прошло,3
транспортном,3
рассматривать,3
историю,3
результат,3
ответ,3
документов,3
дисциплины,3
программа,3
языки,3
далее,3
связанные,3
информатикой,3
попробовать,3
пойти,3
команда,3
ничего,3
нужны,3
заселения,3
услышать,3
билеты,3
проблем,3
московский,3
списать,3
литературы,3
внутренние,3
среди,3
поступали,3
некоторое,3
неуспеваемость,3
системах,3
внутренним,3
пропуск,3
каникулы,3
числануться,3
хотят,3
никак,3
можешь,3
журналистике,3
размер,3
методы,3
деньги,3
вшэ,3
приходит,3
исправить,3
два,3
црс,3
конечно,3
ставят,3
остаться,3
досрочно,3
подробности,3
подготовиться,3
комментариях,3
моей,3
тебе,3
жизнь,3
секцию,3
курсами,3
сдавали,3
тест,3
деканат,3
получаешь,3
ниже,3
пишут,3
чтонибудь,3
работа,3
игр,3
инфу,3
действительно,3
девочки,3
зачеты,3
тот,3
семинары,3
вакантных,3
причинам,3
достаточно,3
студента,3
поступление,3
весь,3
диплому,3
счт,3
готов,3
поэтому,3
скинуть,3
электротехнике,3
отучился,3
термеху,3
пряниках,3
автазе,3
также,3
курсач,3
числануть,3
пропуски,3
дни,3
невозможно,3
причин,3
физики,3
потерять,3
сменить,3
возник,3
летней,3
закрытие,3
допуск,3
мои,3
перезачет,3
графике,3
тройки,3
три,3
представляет,3
красникова,3
бизнеспроцессами,3
какаято,3
московском,3
субботу,3
идт,3
приложение,3
комиссией,3
языка,3
материала,3
смысл,3
годы,3
курсу,3
красивых,3
вечерке,3
платнику,3
уважаемые,3
преподами,3
практике,3
самостоятельно,3
анимацию,3
оплату,3
переводу,3
препода,3
готовые,3
требует,3
большой,3
решение,3
библиотеке,3
могли,3
какова,3
информацию,3
сообщество,3
отправят,3
закира,3
уехать,3
слышал,3
ирина,3
образом,3
болезни,3
каникул,3
вторую,3
письмо,3
наличии,3
отчислиться,3
лмс,3
жестит,3
инженерной,3
само,3
плату,3
заочников,3
принимал,3
начертательной,3
дизайна,3
дисциплина,3
английский,3
проектирование,3
начинается,3
технология,3
середине,3
родной,3
закончил,3
детали,3
около,3
нового,3
семновской,3
который,3
выплаты,3
секция,3
чрная,3
чрные,3
наша,3
цифрового,3
журналистики,3
волну,3
транспортного,3
транспортом,3
хай,3
шансов,3
хорошие,2
контакты,2
карту,2
потерял,2
первашей,2
студак,2
числится,2
проекте,2
снимает,2
прописан,2
осени,2
мир,2
любителей,2
игры,2
моментов,2
вашей,2
создать,2
большая,2
учитывая,2
закрыл,2
интенсив,2
любит,2
интересные,2
друзьями,2
офис,2
участников,2
ждм,2
осталось,2
билета,2
arbat,2
билетов,2
первой,2
ваша,2
проектная,2
крайне,2
залы,2
посещаемость,2
заочном,2
освобождается,2
концу,2
приоритет,2
руководитель,2
фабрики,2
сальникова,2
записаться,2
пи,2
давлением,2
отделения,2
очнозаочников,2
пми,2
соседом,2
первокурсникам,2
являться,2
салют,2
заселят,2
помогает,2
оформить,2
планируешь,2
количеству,2
свободные,2
очной,2
фэиу,2
москвича,2
проживание,2
указанный,2
лк,2
проживать,2
магистров,2
кураторы,2
добавлять,2
успеваешь,2
позже,2
состояние,2
плюсах,2
платную,2
теплотехника,2
некоторые,2
ищут,2
поступлением,2
ольга,2
викторовна,2
старшекурсники,2
позадавать,2
абитуриента,2
сведения,2
очередь,2
учет,2
продюсирование,2
формат,2
легче,2
материалы,2
должны,2
связаться,2
компьютер,2
утра,2
ночи,2
заседание,2
положительным,2
платного,2
электронных,2
устройств,2
иностранный,2
учитесь,2
факультеты,2
упаковочного,2
какому,2
принципу,2
номером,2
другая,2
форму,2
вид,2
численным,2
методам,2
лаб,2
сдана,2
вроде,2
математические,2
создал,2
ближе,2
системной,2
персоналом,2
людьми,2
баскетболу,2
волейболу,2
технологические,2
процессы,2
оборудование,2
собеседовании,2
автоматизированные,2
рад,2
перевелся,2
английском,2
напишите,2
изучаете,2
промышленное,2
гражданское,2
возраст,2
заболевания,2
типо,2
хватит,2
состоянии,2
проживают,2
общагах,2
переводом,2
мнением,2
инженерного,2
программного,2
обеспечения,2
образования,2
обучаются,2
старших,2
выпускники,2
журфака,2
нормальное,2
проводятся,2
официальном,2
кибербезопасность,2
корпусам,2
приходить,2
продолжить,2
мос,2
направлениям,2
средний,2
балл,2
профилям,2
него,2
входят,2
двс,2
расчт,2
техническому,2
участие,2
мероприятиях,2
очникам,2
месте,2
бюджетную,2
технологиях,2
списках,2
ребятами,2
материаловедении,2
аддитивные,2
какихто,2
проблема,2
прикрепить,2
кабинет,2
дистанционных,2
документах,2
рисунку,2
заселяют,2
пост,2
стоят,2
общая,2
расписанием,2
математикой,2
английского,2
выжить,2
пива,2
информатики,2
имея,2
подготовки,2
работаю,2
автоматизация,2
заведении,2
журфак,2
собеседование,2
москве,2
августа,2
рассматривают,2
б,2
вузы,2
тесты,2
последней,2
пока,2
свои,2
конструирование,2
баллом,2
обществознание,2
остальные,2
итоге,2
лучший,2
отзыв,2
ой,2
связь,2
вопросики,2
автомобили,2
занятие,2
студгородка,2
возникли,2
навыки,2
машиностроении,2
киноклуб,2
отзовитесь,2
мнение,2
особенно,2
сами,2
физика,2
посоветуете,2
вашем,2
автошкола,2
решить,2
задачи,2
вознаграждение,2
иб,2
жизнью,2
медаль,2
счет,2
инспекционная,2
технолог,2
каковы,2
среднем,2
точно,2
всм,2
история,2
осенью,2
обществознанию,2
слышала,2
стало,2
набебин,2
пересдачами,2
будешь,2
гульназ,2
опять,2
безопасностью,2
отзывы,2
качестве,2
легкое,2
думал,2
хотя,2
своем,2
селят,2
react,2
native,2
разумеется,2
прим,2
осенний,2
длится,2
затем,2
транспортнотехнологических,2
большого,2
олимпиады,2
выгоняют,2
хаха,2
транспорта,2
перевестить,2
каждый,2
своему,2
июня,2
влюбилась,2
мной,2
телефон,2
владимировна,2
платят,2
сдано,2
пересдачах,2
сдачи,2
своим,2
грейдина,2
отчислились,2
восстановились,2
бви,2
прошли,2
влияет,2
силы,2
зачем,2
электроснабжение,2
той,2
переходишь,2
список,2
нему,2
проводится,2
темы,2
общяге,2
наземные,2
схемы,2
голове,2
студенческая,2
вместо,2
физ,2
электротехникой,2
выселяют,2
одному,2
сдают,2
госы,2
прошл,2
курсовая,2
защите,2
курсового,2
массового,2
уточнить,2
антиплагиат,2
курсовой,2
основы,2
задач,2
овз,2
понимаю,2
пахт,2
вышел,2
задания,2
чтоб,2
доступ,2
заданиям,2
михалково,2
поздно,2
смотрят,2
футбол,2
вечерам,2
психологу,2
теме,2
реализуется,2
дизайнера,2
хуснутдинова,2
ляйля,2
впечатлениями,2
приходится,2
ездить,2
уник,2
заканчиваются,2
предоставить,2
прохожу,2
период,2
сказал,2
неявку,2
плз,2
условно,2
платная,2
дальше,2
дизайну,2
дизайном,2
matlab,2
общий,2
промежуточную,2
аттестацию,2
заинтересовало,2
делал,2
преподавателями,2
добавить,2
программированию,2
продолжать,2
полтора,2
оставил,2
четверг,2
оплачивать,2
материнскими,2
капиталом,2
биохимии,2
технологиям,2
заниматься,2
научной,2
какойлибо,2
заявку,2
плохо,2
спортзал,2
лет,2
аттестат,2
ребятесть,2
умеет,2
ситуация,2
экзамензачт,2
ни,2
нормально,2
резервный,2
раза,2
зачетах,2
зачетыэкзамены,2
зачислению,2
приказ,2
отчислился,2
которой,2
насчт,2
обсудить,2
аниме,2
дисциплине,2
посещение,2
области,2
кроме,2
шифры,2
электротехника,2
электроника,2
хуже,2
однако,2
выбираю,2
тп,2
читают,2
придт,2
финансового,2
мед,2
академических,2
задолженностей,2
получит,2
планирует,2
академическую,2
срок,2
твоя,2
конструкции,2
сапра,2
лабами,2
помогите,2
разу,2
технологическим,2
заготовительного,2
организации,2
прохождения,2
прошлый,2
успел,2
относится,2
вднх,2
появляются,2
руп,2
находясь,2
академическом,2
отпуске,2
появляться,2
базам,2
переводят,2
платное,2
веских,2
долга,2
выселить,2
леонидович,2
вв,2
полиграфическом,2
производстве,2
приписное,2
нормативы,2
записывался,2
начать,2
спасателя,2
посещений,2
ходишь,2
механизмов,2
марта,2
входит,2
цифровой,2
защитить,2
прогулов,2
сессий,2
иметь,2
обычный,2
играть,2
жизни,2
какойто,2
идут,2
волейбол,2
живет,2
рядом,2
образование,2
свободное,2
находится,2
оформление,2
получается,2
недавно,2
универа,2
сдачей,2
сосед,2
живешь,2
иностранным,2
платникам,2
бесплатные,2
весенний,2
языке,2
евгеньевна,2
гто,2
семейные,2
обстоятельства,2
любители,2
иностранные,2
занятий,2
узнавать,2
своей,2
повышенная,2
тройками,2
самые,2
первокурсницы,2
сдали,2
обязали,2
полмиллиона,2
таких,2
неоправданных,2
трат,2
репетиторов,2
профилях,2
student,2
spagnolo,2
french,2
mexicana,2
english,2
spaghetti,2
апостроф,2
заменяет,2
поняли,2
наказание,2
явился,2
закончить,2
красным,2
выписку,2
успеваемости,2
предыдущие,2
включая,2
подобное,2
qt,2
каримова,2
юрьевна,2
ведет,2
зачты,2
подскажитеа,2
высшее,2
химии,2
рысин,2
другому,2
оплата,2
последнем,2
периоды,2
еникеев,2
важно,2
мое,2
домой,2
завалить,2
желанию,2
парень,2
раджабова,2
рамазановича,2
моделированию,2
nodejs,2
занимается,2
jbl,2
черные,2
н,2
гардеробе,2
logitech,2
линейной,2
алгебре,2
добрать,2
никаких,2
подумала,2
выдать,2
лгкое,2
решаются,2
нашли,2
ингушей,2
плюсы,2
минусы,2
журналисты,2
системами,2
видел,2
беспроводную,2
х,2
логики,2
количестве,2
локации,2
преподу,2
новой,2
принимала,2
тс,2
часы,2
целевеки,2
конкретно,2
визуального,2
контента,2
ответами,2
елена,2
попросить,2
ранее,2
сема,2
отделении,2
подскажет,2
предметами,2
пришло,2
восстановления,2
баз,2
практические,2
варик,2
сохранить,2
предмете,2
пгс,2
незачетом,2
геометрии,2
даты,2
ткм,2
поподробнее,2
спустя,2
город,2
впечатлениях,2
тип,2
парах,2
учащиеся,2
зачта,2
маркетинг,2
летнюю,2
уровень,2
нравится,2
магистерскую,2
й,2
куратор,2
физкультуру,2
имеются,2
ток,2
сдашь,2
учишься,2
политехом,2
новое,2
учебного,2
причиной,2
ноября,2
перевелась,2
профессиональной,2
серверов,2
работают,2
приказы,2
посреди,2
занимался,2
английскогокоторый,2
выбрал,2
дворец,2
яузе,2
белая,2
длинным,2
рукавом,2
рисунков,2
узоров,2
сменная,2
обувь,2
классическая,2
спортивная,2
нахожусь,2
оригинал,2
такие,2
материаловедения,2
св,2
фак,2
такого,2
развитие,2
следующего,2
artlab,2
приемной,2
загруженность,2
душ,2
переведут,2
волейболом,2
решил,2
пропустила,2
отпишите,2
инфой,2
поедет,2
учебных,2
подводные,2
денечка,2
графическом,2
купить,2
информационную,2
медиаиндустрии,2
техносферной,2
вещи,2
обучающихся,2
словно,2
та,2
достойные,2
текст,2
проходили,2
суммарно,2
пробовать,2
оцениваете,2
подход,2
пройду,2
учетом,2
золотой,2
литературе,2
экзаменах,2
цифровая,2
трансформация,2
разработку,2
явиться,2
баллам,2
конкурсу,2
комуто,2
автоматизированное,2
конструкторскотехнологическое,2
отличается,2
уникальные,2
дат,2
юрий,2
михайлова,2
матстат,2
рисо,1
рассмотрено,1
заседании,1
устала,1
ответа,1
переживать,1
имеет,1
кафедре,1
готовится,1
нефоры,1
ориентировочно,1
выложат,1
олимпиад,1
холодильник,1
антоновой,1
ландыш,1
халяфивне,1
продлевать,1
радостью,1
приглашаем,1
самую,1
зажигательную,1
вечеринку,1
замечательном,1
празднике,1
незабываемая,1
веселья,1
радости,1
сможете,1
окунуться,1
отличной,1
музыки,1
живое,1
исполнение,1
талантливых,1
диджеев,1
артистов,1
территории,1
расположено,1
freebara,1
активных,1
развлечений,1
подготовили,1
увлекательные,1
бирпонг,1
пингпонг,1
баскетбол,1
многое,1
уверены,1
событие,1
подарит,1
массу,1
приятных,1
положительных,1
эмоций,1
останутся,1
памяти,1
надолго,1
упустите,1
провести,1
компании,1
любимых,1
друзей,1
множество,1
ярких,1
воспоминаний,1
дата,1
вечеринки,1
семеновская,1
подписывайтесь,1
социальных,1
сетях,1
оставайтесь,1
новостей,1
телеграм,1
httpstmesyetaspot,1
компьютерная,1
технический,1
художественный,1
следующие,1
добро,1
вами,1
скооперироваться,1
неофициальный,1
изучать,1
окрестности,1
составлять,1
маршруты,1
новые,1
рестораны,1
искать,1
классные,1
прогулок,1
комитет,1
туризму,1
ано,1
проектный,1
развитию,1
туризма,1
гостеприимства,1
проводят,1
практический,1
твой,1
старт,1
туризме,1
колледжей,1
молодых,1
специалистов,1
польза,1
завтрашний,1
free,1
dance,1
family,1
смену,1
инспекторская,1
охраны,1
стажировки,1
границей,1
впечатление,1
душа,1
мертвая,1
посмел,1
важная,1
пропускать,1
насчитали,1
сойти,1
ума,1
вне,1
учебное,1
шахматы,1
баскетбола,1
проставлять,1
походы,1
частные,1
похожую,1
пиэто,1
food,1
упаковки,1
пищевых,1
продуктов,1
индивидуальному,1
ответит,1
пропусков,1
лежит,1
металлургия,1
современный,1
издательский,1
инновационные,1
зону,1
месяцев,1
грубо,1
говоря,1
пересдачей,1
машины,1
очнозаочного,1
адаптивного,1
очников,1
физкультура,1
готово,1
осень,1
несовместимости,1
линейку,1
общягу,1
придтся,1
им,1
временную,1
регистрацию,1
точнее,1
снимаю,1
офисным,1
приложениям,1
очнозаочники,1
социалку,1
конкурсе,1
проходишь,1
женских,1
мужские,1
постоянным,1
пропускам,1
часа,1
подскажитепожалуйста,1
предоставляет,1
социальные,1
карты,1
выходит,1
проезды,1
еда,1
подработки,1
обязательно,1
заселяться,1
определили,1
кв,1
никого,1
проживает,1
зеленограде,1
соседок,1
какиенибудь,1
знаменитости,1
чаты,1
созданы,1
га,1
курсыкружки,1
назвать,1
програмированию,1
пятрку,1
совместного,1
парней,1
кухонную,1
утварь,1
бытовые,1
принадлежности,1
покупать,1
приезде,1
тепловые,1
энергосистемы,1
оправдались,1
ваши,1
ожидания,1
мотивация,1
прошла,1
желающих,1
платке,1
еременко,1
совмещаете,1
начали,1
заметила,1
раздел,1
заполнение,1
студентефото,1
снилс,1
родство,1
полис,1
омс,1
военный,1
заполнять,1
создают,1
формой,1
формах,1
дистанционный,1
начнутся,1
жил,1
тараканыклопы,1
айтишных,1
возвращается,1
информирование,1
проходила,1
присутствовать,1
родители,1
иили,1
подружки,1
шахтное,1
подземное,1
маркшейдерское,1
добавления,1
вз,1
интернетом,1
оглашение,1
результатов,1
отрицательным,1
результатом,1
рассмотрения,1
учбапрактика,1
указывать,1
квартиры,1
предоставлять,1
субботам,1
печатного,1
технолога,1
комнатам,1
расскажитеесть,1
повешенной,1
новая,1
очнозаочную,1
сомнения,1
видела,1
негативных,1
отзывов,1
качественный,1
заинтересован,1
создании,1
чата,1
создавал,1
норина,1
дне,1
рассказывали,1
дополнительных,1
почитать,1
необходимые,1
зачисления,1
издательскому,1
делу,1
инновации,1
металлургии,1
гоночный,1
технологииматериаловедение,1
общагам,1
лучшехуже,1
нагрузки,1
профиле,1
ожидать,1
начнут,1
очказаочка,1
магистранты,1
учаться,1
комплексные,1
гений,1
беспилотные,1
преподавательский,1
состав,1
оттуда,1
поделится,1
стипендиям,1
бронят,1
рано,1
обратный,1
пятом,1
тараканы,1
чатики,1
рейтинговые,1
ухаживать,1
бабушкой,1
степень,1
инвалидности,1
диабета,1
остеоартроза,1
бабушки,1
копий,1
свидетельств,1
рождении,1
мамы,1
подтверждения,1
родства,1
окончил,1
качество,1
мультимедия,1
закончили,1
материалами,1
ев,1
переваловой,1
рассказатьпро,1
хорошее,1
принести,1
зачисляют,1
фотки,1
корпусекорпусах,1
раньше,1
экологическая,1
промышленности,1
мск,1
круглосуточные,1
списков,1
указано,1
название,1
автоматизированных,1
фитполитех,1
кодом,1
вебприложений,1
лучшекроме,1
автоматизацию,1
внее,1
заехать,1
сво,1
ста,1
гением,1
мала,1
разделение,1
зависит,1
машиностроители,1
атласах,1
учебниках,1
чертежи,1
деталей,1
поршневой,1
шатунной,1
подробным,1
продолжат,1
переходить,1
лучшие,1
задают,1
подсказатькогда,1
интересуюсь,1
бекендразработкой,1
айтинаправления,1
спортивных,1
прлходит,1
большинство,1
учащимся,1
гарантировано,1
инфобез,1
разработке,1
интеграции,1
бизнесприложений,1
заяление,1
госуслуг,1
конкурсных,1
отображаютсятолько,1
общагуобщаги,1
которых,1
жилиживете,1
гос,1
услугах,1
делали,1
биг,1
датапо,1
разным,1
общежитиям,1
поискать,1
мртвую,1
душу,1
чилл,1
решили,1
расписке,1
указан,1
завтрашнего,1
вступительного,1
корпуса,1
общаг,1
проекты,1
поступают,1
механика,1
читала,1
качалкасекция,1
mожет,1
защищать,1
технологию,1
обстают,1
преподаванием,1
школе,1
изучала,1
довольно,1
слабая,1
костюме,1
вручении,1
графе,1
реальный,1
пронумеровано,1
максимальное,1
прив,1
трх,1
програмирования,1
полиграфию,1
абсолютно,1
рандом,1
подселить,1
друга,1
проживаешь,1
ребяты,1
дано,1
поступаем,1
территориально,1
будем,1
мистер,1
бист,1
ребятподскажитесегодня,1
сдоэто,1
окончательная,1
сумма,1
балловили,1
подождать,1
официальных,1
заочкой,1
очкой,1
сократить,1
квалификация,1
программист,1
аналитика,1
больших,1
ссылаясь,1
филиал,1
мами,1
электростали,1
дви,1
найдитесь,1
первокурснику,1
региона,1
учтом,1
приветхотелось,1
техкто,1
очнозаочномкак,1
обучаютесть,1
нормальная,1
прикладную,1
околопохожей,1
композицию,1
поднимут,1
питерские,1
закину,1
послушать,1
вступительном,1
компас,1
версии,1
расшифровывается,1
гуглится,1
машиностроительный,1
артобъедков,1
закончились,1
означает,1
неадекватные,1
улетел,1
вниз,1
примке,1
высокобалльники,1
заберут,1
освободится,1
правильно,1
проанализировать,1
выйдет,1
хочy,1
постyпить,1
мосполитехе,1
моих,1
периодические,1
издания,1
мультимедийная,1
адекватные,1
выпуска,1
уклоном,1
ювелирное,1
промышленном,1
делится,1
биотехнического,1
проги,1
перечисляются,1
черточку,1
литератураисторияиностранный,1
сначала,1
литературу,1
конечном,1
приложить,1
выбирается,1
сдается,1
компьютерно,1
самих,1
полезное,1
более,1
переселялся,1
поговорить,1
процессе,1
душных,1
техническое,1
эксплуатация,1
транспортных,1
электромобили,1
надзор,1
техносферке,1
очке,1
участвовал,1
заявки,1
подача,1
пришл,1
возникали,1
прикреплением,1
индивидуальных,1
достижений,1
сайт,1
мог,1
фхтиб,1
изучаются,1
хорошего,1
конкретнее,1
программам,1
изучали,1
умения,1
приветрасскажитепожалуйстакак,1
перехожу,1
кинокуб,1
приживаются,1
технари,1
говорят,1
дистанционное,1
хоккейная,1
испытаниябакалавриат,1
забыл,1
библиотеку,1
страшного,1
сдам,1
привозить,1
методички,1
шпаргалки,1
скидки,1
автошколы,1
строительной,1
подробно,1
комментариям,1
вариантов,1
прогой,1
робототехникой,1
здравствуйтедорогие,1
спортивной,1
мехатроника,1
робототехника,1
серебро,1
призр,1
регионального,1
этапа,1
обществознаниюреально,1
нынче,1
графикахудожник,1
компграфики,1
набрал,1
русматинфа,1
приветхотела,1
высокоэффективные,1
оборудованиена,1
сложна,1
перспективна,1
техник,1
полиграфического,1
индивидуальным,1
иностранцу,1
определенное,1
уходит,1
военно,1
центр,1
давыдовой,1
отечественной,1
производственная,1
предприятии,1
происходят,1
летних,1
суммарные,1
медалью,1
туго,1
общагами,1
наличие,1
важных,1
факторов,1
страшновато,1
получиться,1
получишь,1
преддипломная,1
считать,1
самым,1
универсальным,1
русскому,1
видит,1
ездящим,1
тротуару,1
электросвинокатах,1
принято,1
многих,1
четверок,1
допускалось,1
преподавателях,1
учебной,1
задавать,1
людям,1
которы,1
вебтехнилогиях,1
поспрашивать,1
приоритетное,1
одиночную,1
азаматова,1
булатовна,1
надеяться,1
теряет,1
силу,1
армии,1
вручения,1
действовать,1
пожалуйстакак,1
учебой,1
аддитивных,1
курсв,1
лето,1
студентами,1
базы,1
экономическом,1
мальчиковдевочек,1
анонкакое,1
перевалова,1
дляться,1
количеством,1
отчисляли,1
остановило,1
женщины,1
допустим,1
перезачтены,1
зубец,1
антон,1
желькович,1
размеры,1
обложки,1
иностранцев,1
потеряли,1
предпочтительно,1
летия,1
аналитическая,1
химия,1
физикохимические,1
анализу,1
мобильная,1
должна,1
успею,1
проектировал,1
выпускников,1
эксплуатации,1
комплексов,1
атп,1
автобусов,1
класса,1
инноватикой,1
поступающего,1
обученияполезности,1
осваиваются,1
софты,1
победительницы,1
политеза,1
искусство,1
поскольку,1
олимпиадники,1
переходим,1
расскажи,1
июне,1
учит,1
случаи,1
отказывали,1
восстановлении,1
вопроса,1
насущных,1
принимают,1
придираются,1
студентка,1
флиртует,1
ситуации,1
задолженностью,1
отпустят,1
полякова,1
татьяна,1
повысится,1
местные,1
чичиковы,1
налоги,1
строй,1
построить,1
эпюры,1
поперечных,1
продольных,1
сил,1
петрова,1
вк,1
термех,1
лгкие,1
внешней,1
математику,1
признатетельна,1
главный,1
похоже,1
демоверсию,1
ребяткак,1
англу,1
перезачли,1
справке,1
рогожкиным,1
творческое,1
испытание,1
идеале,1
закончившие,1
откуда,1
берете,1
плохие,1
прожить,1
одних,1
онигири,1
студентывыпускники,1
программ,1
опишите,1
искали,1
устроились,1
бакалавриата,1
привлекает,1
девушках,1
попал,1
мой,1
рассматриваемых,1
нерешнным,1
нихао,1
бигдате,1
лайт,1
жесткий,1
ананас,1
выпить,1
кофейку,1
парами,1
фотографий,1
дипломной,1
напросился,1
разочаровалась,1
перепоступить,1
специалитет,1
транспортнотехнологческие,1
отметиться,1
сдает,1
криптографию,1
посвящается,1
блок,1
бутакава,1
позабыть,1
транспортнотехнологические,1
военку,1
академахпереводах,1
факультетдругой,1
ры,1
тф,1
сопроматом,1
когана,1
еа,1
учителя,1
меняются,1
выпускающиеся,1
производственную,1
сетям,1
киселва,1
карпова,1
кемнибудь,1
ништяки,1
советы,1
речинского,1
петраковой,1
основами,1
отвечает,1
проверке,1
проверяется,1
щербаков,1
ви,1
паспорт,1
обновлять,1
решения,1
инженерных,1
обработке,1
физическая,1
культура,1
спорт,1
лиц,1
курсене,1
дорожной,1
карте,1
направлениявеб,1
постов,1
дорожная,1
карта,1
врет,1
волонтерство,1
отчислилась,1
окончания,1
прощать,1
вторым,1
сайтом,1
ясно,1
полетело,1
обычном,1
обслуженном,1
удаляются,1
обычной,1
тестов,1
online,1
увидят,1
трхкорпусная,1
выпарная,1
установка,1
пироговой,1
ов,1
добрицы,1
сменил,1
обновить,1
актуальным,1
мещангина,1
магистра,1
тренажерный,1
добавляли,1
улучшали,1
подтверждающих,1
оригинальность,1
играющие,1
любительский,1
приветхочу,1
цифровых,1
медиа,1
обучениеподскажите,1
пожалуйстасколько,1
анастасии,1
пузий,1
графиком,1
сдаете,1
покурить,1
поесть,1
дартс,1
полным,1
применением,1
очная,1
передач,1
иметьчтобы,1
числанули,1
организация,1
предприятия,1
третьей,1
отчислений,1
обновятся,1
списке,1
рыбакову,1
лукьянова,1
научные,1
руководители,1
пролили,1
сервера,1
третьи,1
сутки,1
техобслуживании,1
обучаютсяобучались,1
дистанционные,1
задача,1
альтушку,1
спавн,1
одобрения,1
выгорания,1
личным,1
хожу,1
некую,1
называемую,1
реабилитацию,1
первокурсники,1
добрым,1
сексисты,1
предупреждает,1
действовала,1
забрали,1
армию,1
учитываются,1
вкладыш,1
вебпрограммированию,1
денежку,1
неуда,1
поставить,1
соглашаться,1
старше,1
курсники,1
семейнымфинансовым,1
обстоятельствам,1
выгорание,1
просят,1
мультимедийную,1
основа,1
особого,1
желания,1
предрасположен,1
скульпутре,1
рисованию,1
бесплатной,1
заочную,1
удаленно,1
пжл,1
комендантом,1
дизайнеров,1
желающие,1
поучаствовать,1
турнире,1
мини,1
футболу,1
следующей,1
неделе,1
коммерческой,1
расскажет,1
сапре,1
немного,1
нм,1
испытаниям,1
мая,1
качалки,1
графического,1
построено,1
волнует,1
осуществляется,1
задачами,1
объектноориентированному,1
участвует,1
формула,1
разбираются,1
методах,1
расчта,1
газораспределительных,1
установок,1
чугаев,1
шахматный,1
вступить,1
безопасно,1
оставить,1
велик,1
выход,1
подсы,1
играют,1
чехарду,1
чисел,1
майские,1
инф,1
переселились,1
указывали,1
вашу,1
отклонили,1
недостаточно,1
оснований,1
переселения,1
материться,1
эт,1
понятненько,1
обращаюсь,1
издата,1
пишем,1
практической,1
функциональной,1
стилистике,1
работе,1
решением,1
фармита,1
хранится,1
архивах,1
параллельно,1
сфереили,1
стажируется,1
книгоиздательского,1
типологический,1
анализ,1
собраний,1
сочинений,1
экзы,1
шараги,1
процедуру,1
учимся,1
текто,1
макросы,1
бауманку,1
прошляпил,1
пришлось,1
понижения,1
статистической,1
щербакова,1
чели,1
толстый,1
норматив,1
доверяй,1
профессионалам,1
обращайся,1
httpsvkcomhochuvsesdat,1
весомых,1
сохранится,1
бюджетное,1
пропустил,1
экз,1
отправлять,1
должно,1
красина,1
п,1
турнир,1
кс,1
публикуется,1
собственному,1
кстати,1
материальную,1
бравл,1
старс,1
гоняет,1
курсфомин,1
ап,1
третью,1
белезни,1
названной,1
управлении,1
финатлона,1
уравнениея,1
математической,1
продолжаться,1
роботы,1
робототехнические,1
устройства,1
кушатьне,1
ривьеру,1
музыку,1
слушаете,1
завала,1
волошинов,1
анимешников,1
тплой,1
дружеской,1
атмосфере,1
оправили,1
деньподскажите,1
научных,1
хочешь,1
починить,1
тормоз,1
цинтрифуге,1
добавляются,1
убираются,1
салам,1
проверяют,1
механикой,1
чиллить,1
менял,1
вжиться,1
новенькому,1
коллектив,1
выдается,1
документысправки,1
состоянию,1
вольный,1
слушатель,1
военкомат,1
оформляется,1
хранением,1
велосипеда,1
отдельном,1
помещении,1
гденибудь,1
разрешают,1
криптографией,1
лр,1
планах,1
небольшая,1
твоей,1
заезжать,1
призер,1
рытиков,1
поконсультироваться,1
вебдизайнером,1
профессию,1
знать,1
широко,1
вебтехнологиях,1
заканчиваю,1
возникают,1
мысли,1
определились,1
пмии,1
матпомощь,1
кредитовтрудного,1
положения,1
требуют,1
экзамену,1
сопрротивление,1
разницу,1
конченная,1
рабинович,1
осии,1
бонжорно,1
металлические,1
определнное,1
запутался,1
возьму,1
окажусь,1
скажете,1
электроэнергетика,1
понравилась,1
девочка,1
потока,1
разочаровалисьпоняли,1
продолжили,1
посищениями,1
процессам,1
официальное,1
направила,1
организацию,1
написали,1
рассмотрят,1
окончательный,1
возьмут,1
ответил,1
новом,1
потери,1
оплачиваемая,1
ежковой,1
алгебры,1
апреля,1
дважды,1
провалил,1
вылететь,1
пятницу,1
унике,1
разогреть,1
еду,1
обучающимся,1
программном,1
обеспечении,1
движку,1
unity,1
здравствуйтекак,1
инж,1
молотков,1
конструкциям,1
дерева,1
пластмасс,1
внеучебке,1
девушку,1
вставать,1
утрам,1
накопившиеся,1
чм,1
самостоятельным,1
инициативе,1
серьезну,1
литература,1
заданиями,1
sql,1
логачева,1
священный,1
орден,1
вадимов,1
убежать,1
подтверждением,1
сдаешь,1
слетаешь,1
прошу,1
господа,1
общажники,1
отказаться,1
повторного,1
процедура,1
орлов,1
вадим,1
преподавателем,1
кукса,1
лабораторки,1
изображений,1
упаковочном,1
позняк,1
отработать,1
подряд,1
александра,1
сергеевича,1
хватило,1
зачета,1
таблица,1
посеял,1
мнения,1
образовательной,1
собрании,1
вторник,1
выговора,1
разные,1
полугодия,1
общаться,1
заставляет,1
исите,1
хоть,1
раздают,1
ключи,1
office,1
оасф,1
спсо,1
феникс,1
роли,1
должные,1
прочувствовать,1
всю,1
тяжесть,1
физкультурный,1
первомайской,1
челики,1
сдня,1
бассейн,1
вдруг,1
умрет,1
простят,1
провожу,1
исследование,1
университетов,1
интересна,1
болотников,1
разобраться,1
семестрах,1
первому,1
второму,1
последняя,1
условиям,1
выходили,1
пересдавали,1
колечко,1
политкружок,1
книги,1
сданы,1
прям,1
платили,1
постувших,1
простые,1
грамотности,1
нюансы,1
дополнительные,1
профессиональные,1
несданного,1
неординарный,1
хорошими,1
знаниями,1
французского,1
помогут,1
адаптироваться,1
конго,1
денька,1
любого,1
какиелибо,1
усвоением,1
подарить,1
одногруппницам,1
актуальная,1
привезти,1
свой,1
ноутбук,1
электронное,1
пианино,1
наушниках,1
сокральный,1
валентинок,1
февраля,1
коробками,1
разных,1
доставили,1
адресату,1
проектированием,1
двумя,1
институт,1
проехать,1
территорию,1
парковаться,1
нужен,1
специалистом,1
выйдешь,1
хтиба,1
стихи,1
рассказы,1
небольшие,1
гдето,1
мужское,1
общество,1
гидропривод,1
сочувствую,1
терпите,1
гитарного,1
клуба,1
владеют,1
языком,1
lua,1
шестой,1
открываем,1
рубрику,1
чему,1
полезному,1
научился,1
доброй,1
щербина,1
прогулял,1
страшно,1
конкретную,1
мальчиков,1
связанных,1
комнат,1
курсовому,1
проекту,1
экзаменомзачтом,1
парковать,1
машину,1
удобно,1
добираться,1
степендию,1
любую,1
жестко,1
валят,1
опционально,1
готовиться,1
краснодипломника,1
признают,1
некачественноеих,1
отличник,1
довольны,1
вычто,1
выбрали,1
егокаков,1
педагогический,1
составрасположение,1
кафедрразличные,1
активити,1
выходных,1
ую,1
махнуться,1
комнатами,1
замечанийвыговор,1
делается,1
скоро,1
бумаге,1
получилось,1
реализовать,1
лайтовое,1
качествами,1
обладать,1
заинтересовать,1
изучаемым,1
предметом,1
придумать,1
платите,1
жилье,1
музыкальный,1
фортепиано,1
доступности,1
мало,1
направленности,1
соль,1
хочется,1
преподают,1
уклон,1
книг,1
мертвые,1
души,1
потомки,1
просили,1
рассрочке,1
крпте,1
преддверии,1
влюблнных,1
поздравляю,1
одиноких,1
получал,1
валентинкилох,1
разниц,1
польского,1
заняты,1
грамотно,1
перестать,1
подрочил,1
порно,1
увидел,1
зайти,1
перезачета,1
бюджетникам,1
смотрит,1
языкам,1
чешский,1
вспомнить,1
восстановлению,1
пауэрлифтинг,1
податься,1
группой,1
сместитьпоменять,1
всей,1
любом,1
криптографических,1
алгоритмов,1
закрыты,1
чеховская,1
оксана,1
конспекты,1
свободного,1
душат,1
задолженности,1
семеновской,1
вопросом,1
перезачету,1
золото,1
запросить,1
расчитывать,1
заключать,1
отсрочку,1
переводишься,1
уверен,1
алнин,1
иа,1
автоматом,1
просрочивал,1
ск,1
измайлово,1
тренажерка,1
финансовые,1
учить,1
подскажитегде,1
каку,1
выходе,1
моего,1
плес,1
первакам,1
остатся,1
стипендияесли,1
желаете,1
аспу,1
социальная,1
слететь,1
права,1
политеховской,1
автошколе,1
смогли,1
студаку,1
футболом,1
стипа,1
выплачиваться,1
матподдержка,1
набрано,1
армрестлингу,1
mgime,1
сохранением,1
январе,1
тройкой,1
пожалуйстаможно,1
moscow,1
polytech,1
красивые,1
аттестатом,1
театра,1
обществознанием,1
английским,1
дисциплинарке,1
опыта,1
музыкальные,1
конкурсы,1
фестивали,1
сообщать,1
нормальные,1
психологи,1
вечерскажите,1
пожалуйстаесли,1
отсутствовать,1
консультации,1
экзаменом,1
чревато,1
выставляются,1
маленькой,1
собакой,1
переноске,1
скуфов,1
уходил,1
экстернатом,1
кексгетеросексуальный,1
прокудин,1
нв,1
перспективных,1
деловым,1
комуникациям,1
чирич,1
ирины,1
викторовны,1
происходить,1
пере,1
завет,1
общую,1
физподготовкучто,1
хлопцы,1
любительской,1
съемкой,1
шоколадку,1
какимто,1
хитрожопым,1
базе,1
корячко,1
мв,1
проконсультироваться,1
колищак,1
валерии,1
михайловне,1
базовая,1
отчисленным,1
близким,1
предупреждали,1
проводили,1
присылали,1
письма,1
проще,1
родственников,1
месяце,1
передача,1
зачетов,1
второе,1
рушана,1
халитовича,1
пересдавал,1
спортклуб,1
парызачеты,1
мжельской,1
еленой,1
львовной,1
редактирование,1
отдельных,1
видов,1
дисциплину,1
вл,1
михаил,1
сериал,1
экономике,1
занимает,1
вечерники,1
вебтехнологиям,1
стипендиюесли,1
преподавателю,1
повысить,1
план,1
знакомитесь,1
первыми,1
мальчиками,1
настолок,1
практиках,1
сухоруковой,1
неуспеваемости,1
заказать,1
характеристику,1
настроение,1
постирал,1
билет,1
проектом,1
моралфагами,1
фемками,1
количества,1
приходило,1
экзамеционные,1
маловой,1
допускать,1
требования,1
выполнены,1
вкратце,1
отряд,1
спасателей,1
самый,1
молодой,1
присоединят,1
ко,1
отчислен,1
встаки,1
платника,1
троек,1
какимлибо,1
незачта,1
напомните,1
короче,1
наставила,1
рога,1
кинула,1
итогу,1
сочинив,1
лютый,1
бред,1
виноват,1
расставании,1
знатоки,1
сумасшедшая,1
спецгруппа,1
смог,1
работами,1
бровкиной,1
автомата,1
оглашают,1
комп,1
бурцева,1
первашне,1
волкова,1
специалитета,1
бакалавр,1
незачет,1
дмитриева,1
здравствуйтеесли,1
лазутченкомного,1
придется,1
отрабатывать,1
римской,1
империи,1
хороший,1
домашкой,1
гольцовой,1
россии,1
автомат,1
разработать,1
электрическую,1
принципиальную,1
схему,1
eplan,1
умер,1
графикой,1
аспиранты,1
махач,1
мустафаевич,1
tflex,1
женской,1
раздевалке,1
михалке,1
проводные,1
вкладыши,1
гайс,1
вебинаре,1
кейсовые,1
зарядке,1
восстанавливают,1
основательной,1
согласия,1
важный,1
webinar,1
странах,1
раджабов,1
нам,1
хотите,1
задаю,1
отвечаете,1
пересдачаэкзамен,1
бойковой,1
гв,1
линалу,1
indesign,1
процесскакие,1
белые,1
белом,1
кейсе,1
находился,1
автозаводской,1
предположительно,1
безпроводнуюмышь,1
хой,1
последнее,1
непонятки,1
зр,1
нужное,1
талантов,1
середина,1
бывало,1
детмашу,1
выгнали,1
дрочил,1
всеми,1
случалось,1
здравствуйтеможно,1
договорится,1
фазлулиным,1
энвером,1
мунировичемпойдет,1
уступки,1
экономического,1
процесспары,1
сложность,1
специальностях,1
ефремов,1
алексей,1
евгеньевич,1
ненабрать,1
решенные,1
оч,1
психолог,1
недобрать,1
начертом,1
конфликты,1
еникееве,1
ильдаре,1
хасановиче,1
занимающиеся,1
музыкой,1
похожей,1
ноябре,1
появилась,1
свободном,1
вакантном,1
хоккеисты,1
дагестанцев,1
чеченцы,1
рассчитывать,1
подглядывать,1
ответе,1
сдаче,1
действует,1
дисциплинарное,1
взыскание,1
повлияет,1
защиту,1
фурри,1
вступительныеочень,1
сложносдать,1
увеличиться,1
число,1
обстоятельствах,1
расселить,1
теор,1
меху,1
павлова,1
женская,1
хоккею,1
соревнования,1
киданием,1
мяча,1
издатели,1
герасимова,1
переселяется,1
переехать,1
иллюстратора,1
строительстве,1
защищают,1
отказывается,1
техническими,1
зубов,1
мышь,1
описом,1
теоретический,1
дискретной,1
python,1
designer,1
благополучия,1
планируется,1
кокорина,1
контрольная,1
комплексным,1
числам,1
рамзанова,1
отчисляются,1
зимней,1
проф,1
дизайнеры,1
недорого,1
напечатать,1
плакаты,1
календари,1
начерталкой,1
вариантом,1
матлогике,1
определенную,1
геометрией,1
документирование,1
этапов,1
жизненного,1
цикла,1
плательщику,1
отчисляешься,1
пожалуста,1
зимние,1
копия,1
аттестатаего,1
деканате,1
забирать,1
применяется,1
какоето,1
дет,1
маш,1
дмитриевой,1
конвейерам,1
колебаний,1
прекрасно,1
дагестанцы,1
геймдева,1
искусственного,1
интеллекта,1
киберспортом,1
элективная,1
открепиться,1
прикрепиться,1
новому,1
графическому,1
самом,1
рабичева,1
катает,1
борде,1
лыжах,1
против,1
сходить,1
катнуть,1
досрочной,1
сессией,1
перлова,1
наталья,1
зачте,1
уважительные,1
неявки,1
упрков,1
осуждения,1
умудряетесь,1
терять,1
телефоны,1
даже,1
ноутбуки,1
замечать,1
живтся,1
конструированное,1
основам,1
шпунькин,1
нф,1
рупов,1
использует,1
федоренко,1
никоаевна,1
тоэ,1
рисованиюскетчингу,1
дисциплинарку,1
какнибудь,1
отменить,1
отменял,1
пределах,1
велики,1
подачи,1
выхода,1
приказа,1
прогуляла,1
задержку,1
обучился,1
понял,1
тво,1
вернут,1
какуюнибудь,1
делаете,1
яхненко,1
дмитрия,1
валерьевича,1
айтишный,1
непосещенных,1
конца,1
элективными,1
варики,1
mysql,1
востановиться,1
феврале,1
переводились,1
сделанные,1
презентацией,1
дароуу,1
общем,1
программой,1
simulink,1
великий,1
теория,1
хаюшки,1
суточная,1
норма,1
вернули,1
санкции,1
девочек,1
энергетиков,1
пьте,1
строители,1
несправедливым,1
субдпроектирование,1
дорофеева,1
догадываюсь,1
конный,1
подскажитекак,1
коменданты,1
мертвым,1
душам,1
сдачу,1
расхождений,1
указанного,1
срока,1
открывает,1
шоколадки,1
новогодних,1
связанное,1
хоббихорсингом,1
конструкционных,1
олиференко,1
никита,1
андреевич,1
допускают,1
защиты,1
турецкой,1
борьбе,1
масле,1
армян,1
которым,1
прилетала,1
дисциплинарка,1
владельцам,1
планшетов,1
красивая,1
картинка,1
виртуальных,1
конспектах,1
азербайджанское,1
волейбола,1
искусств,1
поповой,1
неполадок,1
юр,1
делам,1
сыров,1
компьютерную,1
общих,1
заказатьполучить,1
доступа,1
управлением,1
палили,1
учеников,1
использование,1
нейросеток,1
ребятподскажитечто,1
усатый,1
косенок,1
кожухова,1
присутствия,1
пропускал,1
дисциплинаркую,1
деньхотелось,1
уточнитькак,1
причиненужно,1
юрделам,1
черчениюкомпьютерная,1
инженерная,1
наземных,1
средствах,1
фигмой,1
медицинские,1
показания,1
указать,1
основании,1
альтернативные,1
способы,1
сети,1
телекоммуникации,1
попытке,1
знакомства,1
вернуться,1
ботать,1
пропустивших,1
повторную,1
спискам,1
услуга,1
называется,1
многофункциональном,1
центре,1
исита,1
вейвлет,1
преобразование,1
сигналов,1
необходимо,1
сдатьпройти,1
курсовыми,1
необычный,1
скам,1
водятся,1
бухгалтерский,1
записывалась,1
цифровое,1
моделирование,1
коррозионной,1
стойкости,1
стали,1
помощью,1
физически,1
химически,1
обоснованных,1
моделей,1
прикрепили,1
ответьте,1
начался,1
инноватики,1
рассказатькак,1
атестационная,1
интересуется,1
фадеева,1
антонина,1
находили,1
черную,1
мышку,1
получалось,1
базовый,1
платный,1
воняет,1
немытый,1
бомж,1
отозваться,1
бизнес,1
колтунов,1
потерю,1
студенческого,1
норицина,1
трансформации,1
современному,1
литературному,1
процессу,1
прусакова,1
полина,1
валентиновна,1
бюджетника,1
целевики,1
duracell,1
переработка,1
батареек,1
цитата,1
кононенков,1
ч,1
ноете,1
стадиона,1
наука,1
штраф,1
книгу,1
возвращенную,1
опозданием,1
третьем,1
побыстрому,1
набирая,1
полную,1
выше,1
парковки,1
округе,1
автаза,1
чуваки,1
чувачессы,1
любовного,1
треугольника,1
умеют,1
бадминтон,1
продам,1
зимняя,1
дистанте,1
специальной,1
платформе,1
предоставляют,1
обожаю,1
уточек,1
коммерции,1
иностранных,1
языков,1
репетиторством,1
дополнительно,1
платно,1
ларгус,1
чето,1
официально,1
работаешь,1
освобождение,1
выселюсь,1
общагиа,1
захочу,1
вернутьсямне,1
теоретической,1
нестандартный,1
турклуба,1
карточкой,1
скидочной,1
спортмарафона,1
видна,1
отделений,1
подскажитепожалуйстакак,1
возврат,1
средств,1
возвращает,1
адаптироватьсч,1
болезниорви,1
например,1
считаться,1
пропуска,1
считаются,1
одобрят,1
рокгруппами,1
начало,1
изучение,1
блин,1
походу,1
богданова,1
классный,1
стокгольмский,1
синдром,1
музыкантыинструменталисты,1
задачей,1
проводники,1
поддаваться,1
какойнибудь,1
нигде,1
направляет,1
непонятно,1
ехать,1
понедельникам,1
тк,1
назначен,1
перепоступал,1
ребятподскажитетекто,1
машинахвы,1
тачки,1
оставляете,1
бывший,1
проверяли,1
назначена,1
облачный,1
любой,1
культуруофп,1
столовкой,1
отчет,1
чуйков,1
актовый,1
команде,1
баскету,1
пересчитывал,1
дисциплин,1
заявлении,1
выискивать,1
вписывать,1
вычитаете,1
переводчик,1
коммуникации,1
отдыха,1
трудоустроенным,1
переносил,1
говорите,1
перваки,1
орловской,1
ездит,1
тюленей,1
блокирует,1
ав,1
компы,1
заведующего,1
электронную,1
почту,1
переведнный,1
коллективное,1
одногруппницы,1
сироте,1
пойду,1
самозанятый,1
подскажитепожалуйстактото,1
хоббихорсинга,1
старшим,1
курсам,1
меняется,1
менять,1
знакомые,1
граждане,1
ищем,1
сотрудников,1
капельдинеров,1
ткз,1
электрозаводская,1
обязанности,1
капельдинера,1
проверка,1
зрителям,1
навигации,1
рассадке,1
зрительном,1
выдача,1
верхней,1
продажа,1
программок,1
пунктуальным,1
общительным,1
следить,1
культурой,1
речи,1
готовым,1
меньше,1
внешний,1
театре,1
опрятный,1
встречают,1
одежке,1
рубашкаблузка,1
юбкакарандаш,1
юбку,1
можем,1
каблука,1
колготки,1
рубашка,1
классические,1
брюки,1
высокие,1
носки,1
смене,1
выдатся,1
жилетка,1
трудоустройство,1
договору,1
самозанятости,1
соглашение,1
тобой,1
нами,1
сохраняются,1
пособия,1
государства,1
стабильные,1
каждые,1
ставка,1
час,1
чистыми,1
преимущественно,1
вечернее,1
длительность,1
смены,1
часов,1
гибкий,1
самому,1
рабочие,1
менее,1
смен,1
тексте,1
сообщения,1
фио,1
телефона,1
датой,1
рождения,1
гражданство,1
занятость,1
дням,1
пирсингтатуцветные,1
волосы,1
дотеры,1
ксеры,1
валорантеры,1
фиферы,1
клеш,1
роялеры,1
собираются,1
команду,1
сидж,1
набирать,1
народная,1
игра,1
x,1
йни,1
танков,1
дипломном,1
сутокгоспода,1
дамы,1
долгикак,1
подскажитектото,1
строительства,1
сварочные,1
сложилась,1
переводчика,1
технического,1
уровня,1
минимум,1
планируете,1
мпу,1
городе,1
аналогичное,1
пожалуйстакогда,1
зимняялетняя,1
отозвать,1
пришли,1
робостанции,1
курсовые,1
итсервисы,1
теносферной,1
получает,1
анимешник,1
политеховец,1
сделали,1
виделзнает,1
столько,1
пажылым,1
транспортникам,1
вашим,1
ощущениям,1
легчесложнее,1
армией,1
серьезное,1
заболевание,1
почек,1
подтверждающие,1
данного,1
обследования,1
дальнейших,1
обязательных,1
обследований,1
учреждении,1
имеющем,1
заболевании,1
эогномика,1
зависимость,1
вырываемости,1
зажима,1
дверьми,1
свойств,1
резиновых,1
уплотнителей,1
примере,1
поезда,1
москва,1
приветотправили,1
методамкто,1
знаетчто,1
румянцевой,1
советуют,1
главное,1
стратегическое,1
тусовки,1
свяжется,1
первая,1
узнала,1
дистанционном,1
автоматически,1
перекинут,1
ю,1
можите,1
аэропонная,1
ситиферма,1
подала,1
сентябрьской,1
зачислят,1
слетает,1
учебная,1
столкнулась,1
неприятностью,1
уволилась,1
любимая,1
преподавательница,1
размышляем,1
физкультурниковщиц,1
проставляет,1
посещения,1
волны,1
дизайнстудия,1
тепglove,1
счастьем,1
системного,1
администратора,1
поиском,1
соседей,1
очника,1
стал,1
известен,1
положительный,1
онлайнобразования,1
получше,1
ребяттакой,1
физруесли,1
абонемент,1
фитнес,1
данон,1
бакалавров,1
поступивший,1
програмная,1
сильная,1
дистанционка,1
квалификации,1
заочная,1
обговорить,1
жившь,1
самой,1
использовать,1
мультиварку,1
заключал,1
договор,1
госуслуги,1
опубликуйте,1
подал,1
действия,1
высокоавтоматизированные,1
коридорного,1
общего,1
пользования,1
туалет,1
убирают,1
книгоиздательстваплатка,1
одноместных,1
хотели,1
переселится,1
двухместное,1
маге,1
досдачи,1
осташтся,1
преподавала,1
губанова,1
кроксах,1
возможна,1
дистанционная,1
выбирал,1
стирка,1
розгачева,1
кирилловна,1
подскажитебудут,1
здароваесть,1
ингуши,1
отписать,1
пауэрлифтингом,1
жива,1
функционирует,1
первомвтором,1
работойподработкой,1
коломны,1
султановой,1
юм,1
платники,1
радиотехников,1
ряд,1
спасибо,1
сестра,1
поступила,1
зачисление,1
платников,1
здравия,1
невозможности,1
оплатить,1
тупейшие,1
требуется,1
знающих,1
даются,1
заселении,1
пускают,1
рекламуне,1
заполнить,1
поступившихпосле,1
сохранения,1
сбрасывается,1
точные,1
опубликуют,1
wifi,1
магистратуруподал,1
жду,1
подавших,1
прописано,1
напротив,1
пусто,1
консультация,1
сожалению,1
марий,1
эл,1
чебоксар,1
предприятий,1
организаций,1
призываю,1
журналистов,1
брянска,1
перехода,1
дан,1
сокращение,1
друзьяподскажите,1
футбольная,1
командамини,1
техносферную,1
компьютерный,1
комментах,1
читы,1
автоматизации,1
теплоэнергетику,1
теплотехнику,1
михалковской,1
принимается,1
поиске,1
напополам,1
хату,1
павла,1
корчагина,1
начале,1
башкирии,1
энергетическое,1
павлакарчагина,1
ведь,1
запретов,1
вход,1
позднее,1
абитуриентам,1
интеграцию,1
сапр,1
закинуть,1
станции,1
арт,1
объектов,1
подселение,1
живописи,1
графдизайна,1
заочниками,1
предлагаете,1
обучается,1
радиотехнику,1
ситуаци,1
заключается,1
последнему,1
справкабольничный,1
лист,1
документально,1
потвержденный,1
писала,1
продление,1
пересдачупо,1
абитура,1
выбираете,1
проживет,1
имя,1
заселиться,1
киберфизических,1
полставкиполную,1
ставку,1
мобилизации,1
сохранились,1
зачислении,1
графдиз,1
юмором,1
ребятастуденты,1
комнатеобщага,1
бесплатная,1
парковка,1
уника,1
братья,1
считаете,1
какаяникакая,1
вполне,1
датся,1
распределяются,1
вопросик,1
месяцам,1
квартирного,1
приехал,1
необязательно,1
политехчане,1
оказался,1
лица,1
запахи,1
приятные,1
накладывается,1
торжественная,1
заражаются,1
притягательностью,1
машина,1
поселения,1
захлбывается,1
мариноваться,1
крыльце,1
солнцем,1
умирающего,1
коменда,1
кастелянша,1
раннего,1
раскидывают,1
вчерашних,1
абитуров,1
кегли,1
звонишь,1
маме,1
заселился,1
впереди,1
возвращаешься,1
свежесть,1
юность,1
стресса,1
одиночества,1
первых,1
суматохи,1
комната,1
полностью,1
укомплектованная,1
обустроенная,1
скала,1
бушующего,1
океана,1
вечером,1
сидишь,1
кругу,1
мимо,1
снуют,1
муравьи,1
матрасами,1
сумками,1
тумбочками,1
впервые,1
свалить,1
странные,1
эмигрируют,1
над,1
цифровую,1
трансформацию,1
изучают,1
политехэто,1
шарага,1
вашему,1
мнению,1
прочитать,1
выражением,1
пдд,1
выплачивают,1
известны,1
экзам,1
действующие,1
переписать,1
понятный,1
рукописный,1
красивым,1
почерком,1
столовые,1
стол,1
щас,1
условияпричины,1
переподготовки,1
резервные,1
двисобеседование,1
журналистка,1
выучиться,1
фулл,1
стеком,1
выбором,1
вашего,1
каков,1
специальностьсаязанную,1
программированиембаллы,1
скромныепоэтому,1
знаюесть,1
услышатьс,1
вывозможно,1
пролезть,1
моимикакие,1
индивидуальные,1
достижения,1
возникнуть,1
неудобства,1
сложности,1
коммерцию,1
здрасьте,1
переходе,1
баки,1
образовании,1
камни,1
полиграфии,1
участвовать,1
будучи,1
студентом,1
берут,1
литейщиков,1
электрооборудование,1
промышленная,1
куданибудь,1
общежитием,1
аддитивного,1
деньтакой,1
возниксейчас,1
бюджетные,1
местано,1
подам,1
отличаются,1
пытаться,1
медали,1
денечек,1
прогиразные,1
дитятко,1
питере,1
парочка,1
сумме,1
коллежа,1
учитьсясдавать,1
специальностями,1
бизнесинформатика,1
оба,1
polyweb,1
политеховцев,1
чисто,1
делают,1
бигдаты,1
расправления,1
проходные,1
факультетом,1
хэй,1
собщественностью,1
реальной,1
нагрузкой,1
ради,1
галочки,1
выпускникам,1
дипломы,1
картонные,1
папки,1
спрашивают,1
профильной,1
матем,1
русским,1
получение,1
направдения,1
ответив,1
касательно,1
принципе,1
скольки,1
вероятно,1
всеобщий,1
мем,1
нуждающимся,1
поступающим,1
программную,1
инженерию,1
хватает,1
портфолио,1
информатикиконкретно,1
металла,1
любое,1
поотвечать,1
убогим,1
чувством,1
юмора,1
заали,1
своими,1
шутками,1
каждым,1
постом,1
мусолить,1
неудовлетворительно,1
занимаетесь,1
рус,1
значок,1
экзаменационному,1
тесту,1
сетевых,1
заканчивал,1
заканчивает,1
биотехнологию,1
работаете,1
факультету,1
проходным,1
основу,1
вычислительную,1
технику,1
июля,1
назад,1
темам,1
информационным,1
приняли,1
вчера,1
совращениепосле,1
отсидки,1
азаматовой,1
булатовне,1
автомобильный,1
сервис,1
администрация,1
отнестся,1
вьбут,1
условку,1
ближнем,1
подмосковье,1
сотрудником,1
разработчик,1
мультимедийных,1
приложений,1
думала,1
технологиипо,1
которая,1
разовая,1
приходила,1
кастомното,1
оформили,1
справочку,1
выполнявшие,1
уравнениям,1
человекапризрака,1
отправитьоставить,1
посылкуподарок,1
матведу,1
якутиной,1
татарстана,1
потужно,1
ударило,1
лбу,1
дверью,1
главном,1
коридора,1
подсматривал,1
замочную,1
скважину,1
поточной,1
аудитории,1
ходом,1
оценкой,1
электронные,1
возможных,1
отписаться,1
небольшой,1
незачт,1
завершн,1
распущена,1
языку,1
пмиприкладная,1
отработок,1
поставлена,1
делает,1
компьютерные,1
тема,1
мертвыми,1
душами,1
экстернат,1
шахматная,1
балы,1
бюджетили,1
руководителе,1
учебном,1
комендой,1
обходным,1
листом,1
незакрытыми,1
планируем,1
подругой,1
профильному,1
матану,1
отпишитесь,1
сидельников,1
ии,1
володина,1
исключить,1
плехи,1
одна,1
комиссий,1
измерительные,1
примеры,1
шляхтенков,1
григорьевич,1
ананьев,1
бренд,1
коммуникациях,1
мертвых,1
волнить,1
операционным,1
системам,1
базированием,1
вебтехнологий,1
карабутову,1
николаю,1
николаевичу,1
изучает,1
иивт,1
побеседовать,1
михайловна,1
схемотехнике,1
бобров,1
курсачи,1
есаков,1
гельсовна,1
сергеем,1
заевским,1
администрированию,1
перечень,1
испытаний,1
г,1
семака,1
лаба,1
введению,1
програмирование,1
соседи,1
постоянно,1
шумят,1
ночам,1
портят,1
выставляют,1
будто,1
виновата,1
выдумала,1
сама,1
говорила,1
ними,1
бесполезно,1
таком,1
понижением,1
получится,1
книгоиздательским,1
газетным,1
делом,1
максимально,1
еникеева,1
спецификацию,1
чертежам,1
курсачом,1
отрасли,1
констуктирование,1
марикуца,1
константин,1
семнович,1
валил,1
целевом,1
внутренний,1
поляков,1
михайловой,1
давыденко,1
людмила,1
васильевнаматериаловедение,1
алгоритмы,1