word,quantity
в,836
на,670
и,465
ли,449
есть,394
кто,381
как,359
с,327
по,302
привет,255
у,224
не,211
всем,207
можно,199
если,173
что,163
подскажите,158
или,149
пожалуйста,141
может,140
за,125
ктонибудь,117
ребят,110
а,110
к,97
из,92
для,85
день,80
когда,79
добрый,79
этом,78
здравствуйте,75
будет,75
о,74
знает,72
я,70
вам,69
анон,65
вопрос,65
вузе,62
где,60
тут,60
кого,58
году,58
помочь,55
расскажите,55
получить,54
поступать,54
сколько,53
курсе,53
вообще,53
после,52
сейчас,51
рассказать,51
принимает,51
про,50
ктото,48
уже,48
ребята,47
перевестись,47
скажите,47
то,46
экзамен,46
общежитие,45
курс,45
нужно,45
какие,44
это,42
учится,42
бюджет,41
хочу,40
все,40
анонимно,40
общаге,39
но,39
меня,39
при,39
помощь,38
обучения,38
до,38
которые,38
вас,38
нет,37
нас,37
можете,37
поступить,35
вуза,35
академ,35
возможно,35
общагу,35
общаги,34
курса,34
года,34
магистратуру,34
от,33
вы,32
проходит,31
вуз,31
семестр,31
чтобы,30
стоит,30
диплом,29
какой,29
те,29
обучение,29
учиться,28
стипендия,28
факультет,28
узнать,28
время,28
сложно,28
универе,26
общежитии,26
нибудь,26
бы,26
пд,25
какого,25
дела,25
со,25
времени,25
сдавал,25
так,24
будут,24
документы,24
информатике,24
кому,23
вступительные,23
об,23
заявление,23
учусь,23
там,23
какая,22
найти,22
направление,22
люди,22
группу,22
только,22
политеха,22
сессии,22
делать,21
происходит,21
сдавать,21
было,21
когонибудь,21
специальность,21
здесь,21
доброго,21
могут,20
ваш,20
специальности,20
стипендию,20
еще,20
поводу,20
во,20
числа,20
политех,20
сделать,19
работает,19
нужна,19
суток,19
технологии,19
общага,19
группы,18
мы,18
место,18
мне,18
куда,18
возможность,18
чтото,18
направления,18
общежития,18
сдать,17
же,17
другого,17
дистанционно,17
этого,17
переводился,17
была,17
пересдачи,17
много,17
обстоят,17
такой,17
этот,17
другой,17
очень,17
почему,16
надо,16
через,16
год,16
студенты,16
без,16
каких,16
народ,16
лучше,16
они,16
политехе,16
системы,16
университета,15
сессию,15
ты,15
забрать,15
первый,15
поможет,15
работы,15
какието,15
собираюсь,15
экзамены,15
был,15
ещ,15
были,15
раз,15
подать,15
связи,15
реально,14
универ,14
магистратуре,14
университете,14
планирую,14
студентов,14
никто,14
изза,14
два,14
термех,14
другие,14
каком,14
направлению,14
дело,14
реклама,14
стипендии,14
сказать,14
какое,14
поступлении,14
вопросов,14
диплома,13
взять,13
онлайн,13
семестра,13
другую,13
сразу,13
обычно,13
философии,13
справку,13
несколько,13
нашем,12
поступил,12
лет,12
могу,12
отчисляют,12
его,12
пары,12
истории,12
физике,12
идти,12
перевода,12
справки,12
егэ,12
всех,12
учебу,12
сможет,12
направлении,12
информационные,12
такое,11
отчисление,11
расписание,11
первом,11
один,11
учебе,11
насколько,11
первого,11
перевод,11
мат,11
тоже,11
оценки,11
проходят,11
информация,11
предмету,11
такие,11
дизайн,11
просто,11
проходить,11
тем,11
справка,11
правда,11
написать,11
семестре,11
пересдачу,10
получения,10
перейти,10
одного,10
курсы,10
универа,10
практика,10
дают,10
ну,10
тех,10
долгов,10
летом,10
машин,10
экономике,10
опыт,10
поступления,10
факультета,10
информатика,10
второй,10
вступительных,10
процесс,10
поступал,10
холодильник,10
предметы,10
пару,10
квартиру,10
проект,10
комната,10
красный,9
него,9
пересдать,9
сессия,9
документов,9
дадут,9
тебя,9
хотелось,9
вступительным,9
этой,9
примерно,9
преподавателя,9
бакалавриат,9
одной,9
консультацию,9
физика,9
химии,9
гидравлике,9
более,9
скидку,9
обеспечение,9
работу,9
университет,9
большие,9
данные,9
магу,9
заселиться,9
е,9
студент,9
другом,9
сайте,9
както,9
магистратуры,9
заочке,9
данный,9
среди,9
учебный,9
управление,9
помогите,9
когото,9
информационных,9
общественностью,9
приветствую,9
подавать,9
отчислиться,8
срочно,8
учился,8
каким,8
следующем,8
больше,8
переводиться,8
быть,8
зачт,8
технологий,8
сдал,8
комиссии,8
комунибудь,8
который,8
бюджете,8
экзамена,8
преподы,8
того,8
заочку,8
it,8
месяц,8
электротехнике,8
прикладной,8
детали,8
тмм,8
ps,8
программное,8
индустрии,8
желательно,8
он,8
инфа,8
этим,8
летней,8
сих,8
пор,8
открытые,8
влияет,8
подсказать,8
хорошо,8
разбирается,8
том,8
плиз,8
пересдач,8
написано,8
комнату,8
пересдача,8
дипломе,8
втором,8
ответить,8
вопросы,8
продат,8
информацию,8
обучении,8
спортивные,8
систем,8
математике,8
тд,8
живт,8
издательское,8
транспортные,8
средства,8
секция,7
товарищи,7
будем,7
ее,7
материальная,7
ходить,7
прошлом,7
отпуск,7
го,7
отсрочку,7
другое,7
плохо,7
между,7
экзаменам,7
пишут,7
числах,7
нормально,7
заочников,7
попасть,7
учебного,7
да,7
наших,7
лучших,7
исполнителя,7
окажут,7
любую,7
скажи,7
долгам,7
idрадей,7
грин,7
idсопромат,7
техмех,7
idматвей,7
знатоков,7
idматематика,7
строймех,7
помогаем,7
механике,7
тоэ,7
различным,7
языкам,7
вступи,7
получи,7
clubhelpik,7
вступил,7
английский,7
игровой,7
преподаватели,7
обратиться,7
сооружений,7
полтора,7
ни,7
связь,7
зачет,7
прикладная,7
теперь,7
совмещать,7
технологиях,7
заселения,7
списки,7
момент,7
вс,7
рассматриваю,7
нужны,7
думаю,7
студентам,7
учат,7
восстановление,7
посмотреть,7
буду,7
следующий,7
оплату,7
писать,7
проекта,7
жизнь,7
баллов,7
вечер,7
остались,7
первой,7
других,7
общагах,7
всего,7
форме,7
поступила,7
беседа,7
заявления,6
троек,6
трудно,6
получил,6
чем,6
план,6
досрочно,6
физре,6
выпускников,6
данных,6
смысл,6
студента,6
приказ,6
дать,6
отчисления,6
приходит,6
c,6
болезни,6
месяце,6
месяца,6
этих,6
внутри,6
какую,6
спросить,6
брал,6
вкр,6
людей,6
предметам,6
очно,6
вовремя,6
повышенную,6
аттестат,6
потом,6
нужен,6
вебтехнологии,6
сегодня,6
насчт,6
предмет,6
максимум,6
список,6
делал,6
пока,6
дизайне,6
раньше,6
такая,6
поменять,6
машиностроения,6
учеба,6
первокурсников,6
хочет,6
лабораторные,6
тройки,6
црс,6
эту,6
преподаватель,6
случае,6
самый,6
б,6
их,6
нравится,6
одну,6
предметов,6
места,6
лекции,6
препод,6
математика,6
шарит,6
заочное,6
две,6
управления,6
начинается,6
например,6
компьютерной,6
чтоб,6
отзывов,6
дня,6
ой,6
какаято,6
биотехнологии,6
ничего,6
поступаю,6
поступает,6
зачисление,6
направлениях,5
быстро,5
восстановиться,5
красного,5
очное,5
нашего,5
образом,5
жить,5
социальная,5
работать,5
второго,5
долга,5
оценка,5
испытания,5
оформлял,5
пар,5
армию,5
комиссия,5
пропустил,5
долго,5
занятия,5
комиссией,5
первую,5
колледжа,5
дней,5
закончил,5
должен,5
норм,5
перед,5
практике,5
обучается,5
дистант,5
дисциплины,5
друзья,5
выпускники,5
живу,5
инженерной,5
открытых,5
хотел,5
остаться,5
процедура,5
разницу,5
вместо,5
моя,5
практику,5
срок,5
хотела,5
билеты,5
своего,5
выбрать,5
бс,5
бакалавриата,5
форму,5
сталкивался,5
под,5
график,5
академа,5
факультете,5
каждый,5
ваше,5
госы,5
зимней,5
новый,5
материальную,5
связаться,5
приехать,5
экз,5
комуто,5
начерту,5
господа,5
экзаменов,5
тест,5
известно,5
знаю,5
оплате,5
этому,5
направлений,5
оплата,5
корпусе,5
она,5
отчислили,5
вашем,5
вероятность,5
самом,5
снимать,5
безопасность,5
техника,5
системах,5
правильно,4
поиграть,4
курсовые,4
отчислить,4
особенно,4
какиенибудь,4
автошколе,4
система,4
уйти,4
москве,4
составляет,4
даже,4
вечерке,4
очном,4
города,4
академический,4
именно,4
курсовой,4
продлить,4
оформить,4
социальную,4
курсов,4
журналистика,4
подробнее,4
мб,4
отчислении,4
переводе,4
говорят,4
комнаты,4
жизни,4
третью,4
клуб,4
графики,4
магистратура,4
часто,4
перезачет,4
антон,4
куча,4
снова,4
сюда,4
скольких,4
прошел,4
проблемы,4
конце,4
пришла,4
стипуха,4
знатоки,4
сергей,4
строительство,4
уникальных,4
зданий,4
подслушке,4
граф,4
автозаводской,4
парни,4
видел,4
александр,4
баллами,4
перевести,4
перерасчт,4
профиль,4
мультимедиа,4
контента,4
ней,4
целом,4
заочники,4
работой,4
дверей,4
зал,4
недели,4
основы,4
теории,4
сем,4
закрыть,4
доходах,4
оценок,4
отчисляли,4
проходила,4
маге,4
секцию,4
безопасности,4
какихлибо,4
автазе,4
кроме,4
платки,4
варианты,4
учба,4
основе,4
ребятки,4
условия,4
номер,4
уважаемые,4
причине,4
смогу,4
кем,4
группа,4
футбол,4
очнозаочном,4
деньги,4
прим,4
заканчивается,4
почту,4
примеры,4
оплачивать,4
перерасчет,4
провести,4
отлично,4
графический,4
тему,4
отзывы,4
помимо,4
изделий,4
либо,4
могли,4
деятельность,4
наличии,4
формате,4
кафедры,4
повышенная,4
унике,4
отдел,4
режиме,4
неделю,4
девочки,4
практики,4
незачт,4
результаты,4
формы,4
чтонибудь,4
шанс,4
дни,4
возник,4
высшей,4
латыпов,4
аспирантуру,4
конкурс,4
перваки,4
скидки,4
бюджета,4
ргр,4
любой,4
русский,4
условиях,4
института,4
решить,4
думаете,4
разница,4
проконсультировать,4
общежитиях,4
плане,4
интернет,4
подъезд,4
информации,4
книги,4
деле,4
вариант,4
типа,4
кафедру,4
свой,4
подготовительные,4
зовут,4
вопросом,4
задание,4
пойти,4
дистанционке,4
немного,4
учатся,4
действительно,4
зачислении,4
беседы,4
группе,4
графике,4
поступающих,4
ту,4
корпусах,4
инф,4
мест,4
транспорта,4
срочный,3
хату,3
автоматы,3
ставит,3
совет,3
своему,3
контакты,3
антиплагиата,3
т,3
конкретно,3
зачем,3
легче,3
отделении,3
индивидуальный,3
официально,3
плз,3
сам,3
тогда,3
которых,3
ему,3
знаний,3
языка,3
выплачивается,3
учебы,3
дат,3
факультетах,3
иностранным,3
организации,3
друзей,3
вроде,3
исполнилось,3
биотехнологию,3
мая,3
создать,3
рублей,3
отсрочки,3
программе,3
датся,3
отчисленным,3
платников,3
пoмoчь,3
свом,3
человеку,3
живет,3
даты,3
ктo,3
инфу,3
н,3
причины,3
сильно,3
эти,3
пандемии,3
нового,3
недавно,3
получать,3
душ,3
проходил,3
платно,3
графика,3
распределение,3
физры,3
й,3
специальностях,3
домой,3
ищешь,3
итоге,3
сессией,3
поступление,3
сказали,3
внимание,3
курсовую,3
успел,3
дипломы,3
юлия,3
смены,3
васильевич,3
понимаю,3
выбор,3
семаке,3
видела,3
перевлся,3
разу,3
павла,3
корчагина,3
предметах,3
нормального,3
понятно,3
свои,3
требования,3
период,3
сделали,3
поступлю,3
платное,3
парня,3
регистрацию,3
поддержка,3
оплатить,3
аддитивных,3
денег,3
ко,3
здоровья,3
занимается,3
викторовна,3
вузовские,3
диплому,3
должно,3
академическую,3
учбы,3
долги,3
знаете,3
случаи,3
дистанционной,3
договориться,3
количество,3
защита,3
комп,3
тараканы,3
записаться,3
слышал,3
допустят,3
заочном,3
поделиться,3
семейную,3
уехать,3
появилась,3
обращаться,3
тяжело,3
ирина,3
баллы,3
приветики,3
области,3
родителей,3
закрыл,3
каникулы,3
последнем,3
преимущественно,3
таком,3
деканата,3
городе,3
секции,3
лучшие,3
вернуть,3
комнате,3
лк,3
карту,3
весь,3
деканате,3
сессий,3
пообщаться,3
развитие,3
себя,3
вместе,3
проектами,3
дисциплина,3
помощи,3
решением,3
заданий,3
проводить,3
мнение,3
комиссию,3
матпомощь,3
сдаются,3
советуете,3
алексеевич,3
них,3
поинтересоваться,3
техническая,3
шансы,3
игры,3
х,3
деятельности,3
возможен,3
куратором,3
оценку,3
пройти,3
исправить,3
феврале,3
жил,3
начала,3
поэтому,3
дистанционку,3
очку,3
печати,3
должны,3
придт,3
прошлый,3
семак,3
долг,3
делает,3
одному,3
перевели,3
осипов,3
отделение,3
автоматизированных,3
лс,3
прикладную,3
информатику,3
физику,3
готовиться,3
приходила,3
елена,3
своей,3
страны,3
ситуация,3
право,3
английскому,3
конца,3
академического,3
отпуска,3
задать,3
лично,3
дамы,3
принтмедиа,3
зачеты,3
журналистики,3
подскажете,3
строительстве,3
факультетов,3
студенческую,3
подписку,3
вл,3
сдачи,3
олимпиады,3
лабы,3
автошкола,3
отчислят,3
механика,3
существует,3
предметами,3
прошу,3
экзамене,3
тройка,3
подавал,3
новогодняя,3
состав,3
сергеевич,3
карантина,3
играет,3
девушки,3
платникам,3
получиться,3
вознаграждение,3
кр,3
сфере,3
учебную,3
вручение,3
дипломов,3
коллеги,3
прочитала,3
интернете,3
коммерции,3
вузы,3
задачи,3
сопромату,3
интересует,3
пройдт,3
готовый,3
переводом,3
точно,3
заочно,3
слетаешь,3
тройку,3
историю,3
такими,3
общая,3
продает,3
изучаете,3
хоть,3
какойнибудь,3
такую,3
этаж,3
лаборатория,3
принести,3
автокаде,3
относятся,3
проходили,3
перваков,3
вот,3
человек,3
потеряю,3
микроволновку,3
журфак,3
конечно,3
записался,3
цпд,3
консультации,3
шестой,3
кабинете,3
москву,3
достаточно,3
общежитиям,3
сентября,3
поступающие,3
обработки,3
цифрового,3
рекламы,3
общагам,3
машиностроение,3
вычислительная,3
иностранец,3
переселиться,3
запись,3
августа,3
согласие,3
заселение,3
зачисления,3
пми,3
больших,3
программирования,3
абитуриенты,3
подал,3
абитуриентов,3
вопервых,3
энергоустановки,3
малой,3
энергетики,3
медиаиндустрии,3
отзовитесь,3
душа,3
последний,3
чему,3
бюджетникам,2
шахматы,2
общагой,2
первых,2
курсах,2
вторую,2
стрельбы,2
заходить,2
общажную,2
баскетбол,2
влияют,2
настольный,2
можешь,2
подскажет,2
слухи,2
переходе,2
живешь,2
обходной,2
лист,2
трудоустроен,2
перепоступить,2
проводятся,2
восстанавливают,2
больнице,2
физра,2
уровень,2
твоих,2
клубы,2
прийти,2
фото,2
защищать,2
магистров,2
старших,2
г,2
базе,2
помощью,2
приглашаем,2
принять,2
участие,2
обязательно,2
процессе,2
повестку,2
нету,2
армии,2
платят,2
каникул,2
зачтыэкзамены,2
лекцию,2
сидят,2
вопросно,2
принимают,2
появляться,2
карантин,2
moжeт,2
ктoнибудь,2
розетка,2
посидеть,2
бывало,2
москвы,2
наш,2
хватает,2
мотивации,2
мoжeт,2
ходил,2
аи,2
участвовал,2
снк,2
типо,2
ждать,2
повышение,2
остатся,2
очки,2
являюсь,2
студентом,2
вашего,2
права,2
платке,2
проектах,2
делают,2
собственному,2
данном,2
экзы,2
промежуток,2
окончания,2
ведет,2
лв,2
стажировку,2
студенту,2
ситуации,2
языком,2
течение,2
оригиналы,2
проблем,2
ибо,2
смог,2
позвонили,2
мое,2
поступлением,2
самостоятельно,2
апреля,2
михайловна,2
игоревич,2
отправить,2
фамилии,2
максим,2
юдаев,2
николаевич,2
деканат,2
бюджетников,2
сижу,2
дизайна,2
нормальных,2
анонимнопожалуйста,2
требуют,2
статей,2
какими,2
поступали,2
закрывать,2
встретил,2
девушек,2
парней,2
стандартизация,2
школе,2
выдачу,2
бальники,2
институте,2
встретила,2
красивого,2
спиридонов,2
отзыв,2
проектирование,2
пацаны,2
временную,2
сходить,2
заново,2
девушку,2
учбу,2
училсяучится,2
выплачивают,2
пробовал,2
приносить,2
учитесь,2
преподавателями,2
организовать,2
тараканов,2
преподавателей,2
спортивный,2
части,2
короновирусом,2
олимпиадыэкзамены,2
давали,2
бонусы,2
поясните,2
недопуск,2
уходил,2
оформления,2
жена,2
прививку,2
короны,2
ставится,2
заканчиваю,2
насчет,2
задания,2
билета,2
написания,2
которой,2
соответственно,2
пропуск,2
испытаниям,2
медиа,2
очнозаочное,2
вопросами,2
обучению,2
компенсации,2
инфы,2
хожу,2
информационной,2
защите,2
зачты,2
оставить,2
информацией,2
красивые,2
которую,2
привелегии,2
вторая,2
бюджетной,2
стиль,2
летнюю,2
зайцев,2
са,2
перезачеты,2
переводишься,2
упаковочного,2
полиграфического,2
производства,2
делается,2
прошлых,2
долгами,2
предоставляют,2
вступительный,2
академе,2
город,2
хочется,2
выйти,2
платку,2
стипухи,2
восстановится,2
срока,2
человека,2
сбер,2
пластиковые,2
карты,2
дистанционки,2
защитить,2
экстерном,2
предоставляется,2
предоставить,2
учимся,2
играть,2
физрой,2
технологических,2
нашла,2
небольшая,2
выселят,2
спорт,2
работают,2
годы,2
архипова,2
важно,2
коворкинги,2
ограничения,2
двух,2
пересдачах,2
присутствовал,2
программу,2
оплаты,2
территорию,2
платной,2
задолженности,2
результатами,2
называется,2
объясните,2
эта,2
лмс,2
ведомости,2
паспорт,2
посещать,2
готовые,2
планшет,2
заменить,2
тетради,2
корпусов,2
нуля,2
вашей,2
закрыты,2
четверок,2
защиту,2
александрович,2
семьи,2
шуруповрт,2
палагута,2
константин,2
задолжностей,2
принимал,2
социалки,2
нам,2
улучшить,2
учбе,2
месте,2
международных,2
появился,2
проектирования,2
наверное,2
таких,2
предложение,2
проектной,2
пересдаче,2
подат,2
боюсь,2
зарубежной,2
обычная,2
хорошего,2
стоимость,2
попытаться,2
жила,2
вечерку,2
ведт,2
мск,2
потерял,2
бесплатно,2
середине,2
обучаться,2
выход,2
абитуры,2
курсу,2
хороший,2
иностранный,2
электронный,2
студенческого,2
здарова,2
расскажет,2
отдельно,2
подачи,2
программа,2
центр,2
коммерцию,2
решение,2
отчисляться,2
окончил,2
договор,2
юрий,2
викторович,2
иб,2
поспать,2
вела,2
бабушкин,2
русскому,2
ним,2
вчера,2
дикова,2
личное,2
движ,2
выходим,2
проведения,2
дистанте,2
фазлунина,2
горшковой,2
платит,2
заплатить,2
сумму,2
сданы,2
вернуться,2
закрывал,2
алгоритмов,2
журналистике,2
хай,2
матан,2
качеством,2
начертательной,2
та,2
пжлст,2
надыр,2
профкома,2
ипиит,2
попросить,2
холодос,2
добрые,2
экзамену,2
решал,2
выборе,2
электронную,2
копию,2
системам,2
билайн,2
подъезде,2
большая,2
часть,2
деталей,2
школы,2
легкой,2
ваши,2
сдаче,2
студенческие,2
математику,2
прохождения,2
команда,2
одногруппника,2
получают,2
образования,2
какаянибудь,2
руководителя,2
продолжать,2
бред,2
самые,2
звонить,2
проще,2
институт,2
рисунок,2
литературу,2
работа,2
общежитием,2
четвртом,2
завкафедрой,2
поступающим,2
иностранных,2
сами,2
начале,2
правила,2
гости,2
детям,2
wot,2
удаленно,2
подключить,2
устроиться,2
всю,2
желающие,2
магистрантов,2
разные,2
лабами,2
visio,2
решения,2
приказа,2
находил,2
вечером,2
пример,2
магистры,2
надзорная,2
инспекционная,2
лабой,2
иностранцы,2
предоставит,2
билет,2
готов,2
мобилизационный,2
задачами,2
хей,2
проверяют,2
иногородний,2
дату,2
книг,2
спортивных,2
научных,2
устно,2
отчислялся,2
назад,2
ужасающих,2
быдло,2
хамы,2
капли,2
нужных,2
общем,2
нигатива,2
вбросы,2
конкурентов,2
доля,2
истины,2
плесневелый,2
псж,2
занятий,2
гитаре,2
студак,2
автоматом,2
заданиями,2
защиты,2
автокадом,2
чертж,2
брать,2
курсом,2
твоей,2
звонили,2
выходили,2
какому,2
принципу,2
куратора,2
механикой,2
основам,2
дорогие,2
анкету,2
доброе,2
успешно,2
декабря,2
будущего,2
чм,2
социалка,2
искать,2
учебники,2
число,2
всеми,2
телефона,2
сопромат,2
help,2
вагабов,2
считаете,2
писал,2
шарят,2
старшие,2
микропроцессорные,2
устройства,2
среднем,2
нельзя,2
карта,2
образовании,2
пожалуйстакак,2
парах,2
задачь,2
динамика,2
устойчивость,2
рекламе,2
уважительной,2
возможности,2
технологическое,2
давыденко,2
лабораторной,2
метрологией,2
которого,2
странный,2
сложная,2
студ,2
комнатах,2
переводу,2
животных,2
корпусу,2
мозг,2
большой,2
покупать,2
баскетболом,2
язык,2
возможна,2
одолжить,2
родной,2
издательского,2
транспорт,2
доступ,2
рассчитывать,2
тройкой,2
обучением,2
глупый,2
преподавателям,2
встречаться,2
студентамистудентками,2
получал,2
налоговый,2
вычет,2
какова,2
статьи,2
делали,2
дали,2
отделения,2
доп,2
типография,2
ночью,2
выходной,2
форма,2
стажировке,2
курсам,2
очной,2
подготовки,2
соц,2
ноутбук,2
человеческим,2
капиталом,2
назначили,2
заберут,2
киберспорт,2
хотя,2
проблема,2
этаже,2
программирование,2
сапр,2
интересно,2
скинуть,2
ссылку,2
цкп,2
ргсу,2
дистанционный,2
выше,2
worldskills,2
часов,2
вывесят,2
очка,2
начитавшись,2
выбора,2
итогам,2
дисциплинам,2
приказы,2
заочки,2
стратегический,2
общие,2
команду,2
какойто,2
границы,2
оно,2
языку,2
искусственный,2
интеллект,2
почтой,2
сап,2
жители,2
вступительного,2
заверять,2
личном,2
полезного,2
прилететь,2
московского,2
магистрам,2
рано,2
вступить,2
специалитет,2
куратор,2
обязательна,2
прививках,2
прививочного,2
сертификата,2
подробно,2
случайно,2
зимой,2
ищу,2
заочка,2
граждане,2
заселили,2
очнозаочного,2
здорово,2
заселяется,2
посвят,2
заселяться,2
очнозаочную,2
автошколу,2
сборные,2
мпу,2
киберфизических,2
посоветуете,2
ответственным,2
общежитию,2
качество,2
волне,2
поподробнее,2
машины,2
киберфизические,2
иностранные,2
биотехнология,2
комплексов,2
техносферная,2
которое,2
набрал,2
персоналом,2
пи,2
некоторым,2
теми,2
думает,2
понимает,2
абитура,2
доки,2
вычислительной,2
технике,2
вступительными,2
независимо,2
парочка,2
отписать,2
корпоративные,2
менеджмент,2
автоматизированные,2
энергетические,2
установки,2
автоматизированное,2
производство,2
химических,2
предприятий,2
абитуриент,2
таким,2
числится,2
заселят,2
свободна,2
заселяют,2
бюджетных,2
против,2
собеседования,2
страница,2
московский,2
нм,2
роботизированные,2
комплексы,2
учащихся,2
качестве,2
скажете,2
вечерки,2
грузит,2
рейтинговый,2
испытаний,2
прием,2
сложности,2
пропадает,2
платить,2
набираю,2
является,2
приемную,2
семестров,2
программы,2
проживает,2
usb,2
июль,2
гос,2
учишься,2
шарящие,2
нашл,2
антиплагиате,2
чертежами,2
инвентор,2
творческих,1
убогое,1
насущный,1
девушками,1
прислали,1
ведомость,1
пулевой,1
недалеко,1
чир,1
полякова,1
валентина,1
николаевна,1
теннис,1
поданного,1
требуется,1
ума,1
сходишь,1
куратору,1
глаз,1
оторвать,1
дедали,1
выговор,1
кагдина,1
вн,1
зам,1
начальника,1
цкпит,1
простому,1
смертному,1
спиться,1
полное,1
используется,1
справкиоснования,1
подойдут,1
медицинским,1
показаниям,1
деньгие,1
сли,1
льготников,1
сирот,1
плата,1
подписывая,1
собираешься,1
списывать,1
будешь,1
намного,1
ребятподскажитетрудно,1
тот,1
вывозишь,1
циркового,1
мастерства,1
числанулся,1
привязаны,1
начиналась,1
поехать,1
обмену,1
висеть,1
закрытая,1
веских,1
причин,1
подтверждающих,1
сертификат,1
томкаков,1
иностранного,1
старостой,1
детямсиротам,1
преобрести,1
айпад,1
ipad,1
air,1
следует,1
лион,1
лежать,1
настольному,1
теннису,1
магистрантамплатникам,1
сложнеелегче,1
комиссиями,1
курсовым,1
работам,1
ездил,1
январе,1
перепоступил,1
переоформить,1
военный,1
стол,1
проебать,1
нигде,1
лабораторий,1
офлайн,1
укромные,1
уголочки,1
подремать,1
парами,1
контракта,1
поставил,1
пряниках,1
бутылку,1
посреди,1
коридора,1
пройдет,1
часовой,1
онлайнхакатон,1
созданию,1
биржевых,1
сервисов,1
nsdprogresstech,1
хакатоне,1
сервис,1
распознавания,1
табличных,1
opensource,1
ocr,1
инструментаов,1
площадку,1
цифровыми,1
финансовыми,1
активами,1
распределенного,1
реестра,1
прототип,1
продукта,1
взаимодействия,1
внешними,1
организациями,1
backend,1
frontend,1
blockchain,1
разработчиков,1
дизайнеров,1
призовой,1
фонд,1
регистрируйся,1
ссылке,1
httpsclckruuwkzu,1
приглашай,1
добавляйся,1
telegramчат,1
единомышленников,1
httpstmejoinchataivdlqqhvxogyy,1
граница,1
возможностей,1
подготовке,1
подписывал,1
коллдже,1
использовал,1
дбаватся,1
летних,1
шарить,1
matlab,1
волонтерской,1
книжке,1
приходят,1
спят,1
телефоне,1
сори,1
тупой,1
издают,1
доучиться,1
лета,1
какоето,1
долгое,1
отказывала,1
закончится,1
девятой,1
aнoнимнo,1
куpcoвoй,1
пo,1
бaзaм,1
дaнныx,1
ноутбуком,1
насрать,1
закончив,1
троекно,1
расхождение,1
экзаменахстипендии,1
товарищистуденты,1
вероятностью,1
км,1
подписал,1
выходных,1
должна,1
интересна,1
совместная,1
аренда,1
квартиры,1
пpивeт,1
смерти,1
толстов,1
запрещает,1
устав,1
шортах,1
бить,1
хотите,1
ставить,1
преподам,1
сотрудникам,1
философия,1
преподов,1
панюков,1
сафыьянов,1
ви,1
проводят,1
точнее,1
церемония,1
награждения,1
лука,1
подобного,1
приветикичто,1
ректору,1
ребятприветики,1
напишешь,1
kтo,1
пиcaл,1
диплoм,1
шуpыгинoй,1
видитесь,1
друзьямиподругами,1
ними,1
проводите,1
очереди,1
образец,1
пособия,1
оба,1
родителя,1
инвалидыпенсионеры,1
плес,1
стипендияесли,1
сдана,1
платную,1
произволом,1
мертвых,1
водительские,1
танцы,1
дням,1
хочешь,1
прокачать,1
скиллы,1
самых,1
технологичных,1
фит,1
инженерная,1
положили,1
больницу,1
бывали,1
соучаи,1
аттестате,1
повлияет,1
поступлениевступительные,1
hужнa,1
пoмoщь,1
нaпиcaнии,1
oтчтa,1
учeбнoй,1
пpaктики,1
пpимepы,1
cкинуть,1
покинуть,1
peбятки,1
диффуpaми,1
технических,1
вузне,1
помните,1
вручения,1
белорусские,1
имеют,1
возвращаются,1
красильникова,1
бывшему,1
дипломами,1
стало,1
сложившейся,1
выдадут,1
школу,1
призыва,1
медкомиссию,1
отправку,1
войска,1
ушел,1
здоровьем,1
завели,1
подтвердить,1
диагноз,1
военкомата,1
посеяли,1
следующему,1
призыву,1
возникнут,1
научник,1
балда,1
комментирует,1
заканчивают,1
конференцию,1
ставят,1
незачет,1
сдачей,1
точная,1
скольки,1
равен,1
час,1
преподают,1
языки,1
султанова,1
овчинников,1
владислав,1
ребзя,1
бюджетипать,1
ккомбо,1
ребятаскажите,1
пожалуйстакогото,1
переводили,1
разницей,1
дисциплин,1
подскажитепожалуйста,1
зает,1
летняя,1
греку,1
метрологическое,1
качества,1
продукции,1
выговоров,1
профилей,1
олды,1
электротехника,1
учу,1
пк,1
столоваябуфет,1
длинноволосые,1
вечернедавно,1
вузесть,1
туалетах,1
общественность,1
семейным,1
обстоятельствам,1
переводеотчисленииакадеме,1
банковской,1
картой,1
подаваться,1
предмета,1
новиков,1
дмитриевич,1
подаскажите,1
программиста,1
нормальный,1
разных,1
писали,1
дальнейшем,1
поста,1
нетрадиционных,1
слушок,1
хотят,1
вступило,1
силу,1
глупых,1
чокнутых,1
идиотов,1
метрология,1
получив,1
парне,1
принимаю,1
творческий,1
визуального,1
обработке,1
металлов,1
давлением,1
удовлетворительно,1
высокую,1
отметку,1
пацанки,1
втарая,1
повторная,1
промежуточная,1
аттестатация,1
инженерным,1
начну,1
квартире,1
родственников,1
сделал,1
ближайший,1
военкомат,1
прикрепиться,1
мед,1
осмотр,1
посылку,1
предстоящий,1
восстанавливается,1
закрытия,1
красивую,1
коммисия,1
физ,1
культуре,1
стараются,1
бюджетлюдей,1
вузаили,1
своих,1
родных,1
обычную,1
забирать,1
тип,1
медсправки,1
графикой,1
ифнормационного,1
учебным,1
процессом,1
ночвку,1
близкому,1
родственнику,1
поедем,1
друзьями,1
уник,1
откуда,1
столько,1
контролем,1
проживанием,1
тараканами,1
качественно,1
постирать,1
личные,1
вещи,1
верхнюю,1
одежду,1
какогонибудь,1
тренажерами,1
сопромата,1
едет,1
олимпиад,1
выселяются,1
удобно,1
состояния,1
близкого,1
родственника,1
сообщить,1
деканату,1
заболел,1
поликлиника,1
крутякова,1
маргарита,1
резания,1
станки,1
инструмент,1
технической,1
механики,1
ребятдо,1
восстановленным,1
недель,1
комбекнуть,1
отмечаться,1
предъяву,1
кинут,1
мoжет,1
пмoчь,1
инженeрной,1
гpaфикoй,1
забирают,1
встречи,1
носить,1
котячий,1
заканчиваешь,1
ктолибо,1
справиться,1
апатией,1
пакет,1
налогового,1
вычета,1
рекламщикаммаркетологам,1
перевелись,1
жалеете,1
колледж,1
примеров,1
держут,1
коллективного,1
жалобы,1
пользоваться,1
услугами,1
библиотеки,1
отпуске,1
отчту,1
давно,1
истк,1
максимальное,1
академкакие,1
пенсионного,1
фонда,1
элзачтную,1
книжку,1
проставляют,1
привозить,1
sos,1
мехатронника,1
александровым,1
цифровых,1
поступлению,1
частичной,1
перемещения,1
иногородним,1
всвязи,1
дистанционным,1
форматом,1
актуально,1
счастливые,1
бывают,1
вымысел,1
переселение,1
пределах,1
тренажерный,1
вузовский,1
отмазаться,1
выпускной,1
работыдиплома,1
машину,1
мехатронике,1
стипа,1
аттестационном,1
собеседовании,1
свободные,1
девчонки,1
темы,1
влюбился,1
устройстве,1
пожалуйстачто,1
сделатьчто,1
выделили,1
сесть,1
ноутом,1
рубеж,1
комиссиейа,1
элведомостях,1
восстанавливались,1
любишь,1
тренде,1
выбираешь,1
указывали,1
перехода,1
школьный,1
выдавали,1
расписку,1
знаетсейчас,1
книжный,1
узнавал,1
московском,1
психологическая,1
ведтвела,1
елкина,1
слесаря,1
размере,1
закрытие,1
ваша,1
классе,1
инновации,1
металлургии,1
перевожусь,1
очнозаочно,1
заверяются,1
медицинские,1
оплатила,1
капают,1
пени,1
рокеры,1
спецгруппой,1
вывести,1
эксперты,1
распиздяйства,1
докопался,1
уходе,1
пенсионерства,1
сдам,1
необходимые,1
информатики,1
компенсировать,1
инфе,1
неинтересно,1
одногруппники,1
неинтересные,1
скучная,1
общаться,1
бесит,1
окно,1
фигово,1
кудрявые,1
мальчики,1
периодичностью,1
слетел,1
какимилибо,1
положенного,1
представить,1
сбере,1
знаешь,1
офисы,1
обслуживания,1
военкомате,1
спокойно,1
исключиться,1
продления,1
уверен,1
диссертацию,1
опции,1
случается,1
сдаешь,1
оставляют,1
поблажки,1
объективной,1
необходимо,1
серьзный,1
атаковать,1
паническую,1
атаку,1
первым,1
аттестацию,1
целевого,1
преподши,1
майские,1
праздники,1
останутся,1
сборную,1
желают,1
занимались,1
какаялибо,1
окончании,1
европейское,1
приложение,1
напишите,1
тратить,1
автоматизации,1
процессов,1
производств,1
фриганы,1
мукулатуры,1
рада,1
вашу,1
подслушку,1
здравия,1
абитуриента,1
анимации,1
одноименной,1
касательно,1
зачисляют,1
раскладе,1
текущем,1
достать,1
пс,1
demons,1
souls,1
извините,1
наконецто,1
отпраздновать,1
результатах,1
жившь,1
отчтов,1
проживающему,1
долгом,1
пойдет,1
волейбол,1
украл,1
препода,1
обучающиеся,1
работающие,1
тренажерного,1
зала,1
посещениям,1
держать,1
передачу,1
явился,1
выбирают,1
work,1
and,1
travel,1
отправлял,1
желанию,1
старообрядцы,1
заблокировали,1
обучался,1
выполнял,1
крэо,1
методичке,1
вар,1
длятся,1
перемены,1
исп,1
платили,1
сбербанконлайн,1
оплачивали,1
задолженность,1
образовательные,1
услуги,1
пеню,1
подскажитесоциальная,1
оформляется,1
подтверждающую,1
сдачу,1
графику,1
стратегические,1
проекты,1
молодежной,1
политики,1
человечка,1
ночь,1
всяких,1
бумажек,1
переезжать,1
размером,1
издатели,1
висит,1
электронной,1
указан,1
разрешен,1
ремонт,1
меняете,1
вступления,1
брак,1
менять,1
университетские,1
anylogic,1
группыбеседы,1
заданияматериалыпопросить,1
привезти,1
электрогитару,1
барабанную,1
установку,1
куку,1
музыканты,1
приготовить,1
круп,1
полуфабрикатов,1
макаронных,1
духовки,1
микроволновки,1
правдачто,1
исключают,1
завалить,1
комиссиюили,1
пугают,1
условии,1
хорошей,1
лучший,1
будете,1
праздник,1
братва,1
практически,1
нормальную,1
доменом,1
сдают,1
идшь,1
нелюбимой,1
сдав,1
нему,1
сливает,1
вел,1
авторских,1
прав,1
сингилевич,1
дмитрий,1
проверку,1
среднему,1
баллу,1
льготы,1
кормильца,1
очнозаочникам,1
магистрантам,1
посоветовать,1
разблочили,1
прошлые,1
шл,1
карл,1
бенц,1
однажды,1
изобрл,1
автомобиль,1
навсегда,1
перевернул,1
нашу,1
благодаря,1
добираемся,1
точки,1
точку,1
миллиард,1
быстрее,1
томас,1
эдисон,1
бенджамин,1
франклин,1
никола,1
тесла,1
подарили,1
миру,1
электричество,1
жечь,1
свечи,1
темноте,1
биться,1
углы,1
мгле,1
ночной,1
любимого,1
района,1
зачтэкзамен,1
гришин,1
гидропневмоавтоматика,1
гидропривод,1
сдохнуть,1
научноисследовательскую,1
трех,1
грамот,1
призовом,1
ii,1
iii,1
конферециях,1
октябре,1
ноябре,1
начуной,1
публикации,1
сборнике,1
сборник,1
пдф,1
грамота,1
соотв,1
уточнить,1
анализа,1
еблов,1
саныч,1
многим,1
менее,1
той,1
половине,1
увлекается,1
паркуром,1
фингербордингом,1
хипхопом,1
танца,1
мысль,1
политеховский,1
фестиваль,1
додиков,1
поставим,1
фингербоксы,1
зоны,1
контер,1
страйк,1
устроим,1
реальный,1
расколбас,1
чипсы,1
кока,1
кола,1
ред,1
бул,1
кстати,1
спонсор,1
позовем,1
геймдэва,1
зарубимся,1
нормальная,1
тема,1
реализовали,1
набрать,1
примут,1
ориги,1
привезу,1
парень,1
левому,1
стоить,1
появится,1
зимнюю,1
неполной,1
хотело,1
горохова,1
даваться,1
малоимущую,1
семью,1
публикует,1
сводки,1
числануться,1
возвращаюсь,1
окутывает,1
страх,1
пропускную,1
соседей,1
страшно,1
этажам,1
здороваться,1
подобной,1
приветвозможно,1
сообщество,1
рэперов,1
универчике,1
поставят,1
окна,1
ответы,1
литературы,1
продате,1
смущает,1
перепродать,1
щас,1
понизить,1
какуюлибо,1
бюджетные,1
пишется,1
название,1
дипломной,1
отменили,1
пропуска,1
заказывать,1
профком,1
отдат,1
экзаменах,1
отсутствует,1
семинары,1
малков,1
виталий,1
валерьевич,1
представляет,1
договоров,1
здоровью,1
диагнозами,1
продлили,1
невозможности,1
постоянкой,1
отличный,1
студакбезвозвратно,1
новенькие,1
доступен,1
пандемией,1
подписи,1
имеются,1
отдать,1
взамен,1
знающие,1
льготе,1
регистрация,1
чернобыльской,1
зоне,1
временная,1
выбить,1
общажитии,1
скажут,1
штуках,1
процентах,1
первому,1
приобрести,1
ноут,1
первокурсник,1
вид,1
продлятся,1
посчастливилось,1
наотлично,1
повышка,1
сдавались,1
парковка,1
отпроситься,1
лгкий,1
направлениявуза,1
маникюр,1
учебной,1
публикуется,1
потерять,1
короч,1
тонометр,1
перестают,1
выплачивать,1
аттестован,1
подавала,1
платного,1
бесплатное,1
дополнительный,1
медосмотр,1
загружать,1
аттестатом,1
журналистикиочнозаочно,1
интересная,1
самостоятельное,1
изучениете,1
процентов,1
одногруппников,1
отчисляются,1
медицинская,1
отправляли,1
продюсерский,1
сеть,1
широбоков,1
см,1
кофейня,1
поселением,1
финская,1
сауна,1
вынес,1
советкомиссия,1
кушать,1
здрасте,1
платнику,1
дедехина,1
ов,1
февраля,1
переходит,1
госэкзамен,1
знаетможно,1
будние,1
максимов,1
бабушкинато,1
легально,1
преподу,1
кибер,1
спортом,1
весенняя,1
касса,1
бутакова,1
осеннем,1
руковицин,1
илья,1
геннадьевич,1
матем,1
пробникам,1
колтунова,1
заказать,1
присутствие,1
находятся,1
порядок,1
семестрам,1
успевал,1
началу,1
полную,1
договорной,1
давал,1
поделить,1
частей,1
другиеую,1
течении,1
мосполитеха,1
ведомостях,1
графы,1
числе,1
динилевская,1
вами,1
раджабов,1
зр,1
меняется,1
преподавать,1
физикуэлектростатика,1
дитанционке,1
скинут,1
степуху,1
январь,1
подскажитектонибудь,1
разницукак,1
длится,1
дистанционобучение,1
проездной,1
иностранцев,1
уехал,1
конспекты,1
айпаде,1
тетрадок,1
пхп,1
поднимут,1
што,1
есле,1
прити,1
аттестационная,1
рогожкин,1
чемто,1
сталкивались,1
поделитесь,1
сессиюсессии,1
алибекова,1
игоря,1
юсуповича,1
теория,1
добрейшего,1
неопределившиеся,1
периодических,1
изданиях,1
мультимедийной,1
еникееву,1
логачева,1
зачетной,1
экзам,1
другим,1
геометрии,1
нсвисткова,1
высшего,1
спо,1
господареально,1
волковой,1
зорин,1
абдулкадирович,1
снимут,1
ограничительные,1
меры,1
посещения,1
сергеев,1
начерт,1
дизайнемультимедиа,1
шо,1
майкрософт,1
тимс,1
художественную,1
обработку,1
материалов,1
творческому,1
итоговый,1
выш,1
мату,1
закир,1
рамазанович,1
им,1
пожалели,1
своем,1
марии,1
павловны,1
спотифае,1
документ,1
прикрепляли,1
подтверждения,1
статуса,1
гайз,1
психологическую,1
гдето,1
аттестата,1
живой,1
подобаеву,1
микропроцессорным,1
устройствам,1
ловит,1
оператор,1
ноздрин,1
разработка,1
программных,1
средств,1
отработок,1
раза,1
попыток,1
полиграфии,1
материалке,1
разрез,1
вузехочу,1
обученияжелательно,1
подробнеекак,1
поступиликонкретно,1
дизайнпомогли,1
рекорд,1
направлениям,1
ипит,1
активностях,1
происходящих,1
громова,1
тозос,1
конструированию,1
промышленности,1
кис,1
осуществляется,1
вакантного,1
лишить,1
бюджетника,1
переписать,1
особо,1
спасибо,1
здаров,1
пж,1
оправдались,1
ожидания,1
мотивация,1
прошла,1
желающих,1
зачету,1
влиял,1
полностью,1
забью,1
ладно,1
уж,1
обсуждают,1
увлечения,1
фанаты,1
формулы,1
готовы,1
студаку,1
классный,1
трудоустройства,1
дипломом,1
женский,1
ковида,1
включат,1
увлекаются,1
лего,1
собирает,1
решенные,1
термеху,1
теоретическая,1
кинематика,1
начертом,1
тусовки,1
поэтический,1
литературный,1
кружок,1
женатым,1
парам,1
основания,1
семейные,1
пожалуйстаучусь,1
работаю,1
поиске,1
преддипломной,1
изотерикой,1
женская,1
баскетболу,1
сть,1
фурри,1
кикбоксингом,1
мафии,1
оргазмирую,1
прикосновения,1
перестать,1
называют,1
шарагой,1
потерянными,1
студентами,1
отработать,1
модуль,1
дайте,1
ответ,1
нормальныймой,1
читать,1
подругому,1
сложные,1
хотель,1
количестве,1
четврок,1
выдатся,1
вещами,1
приветскажите,1
сохранением,1
отрабатывается,1
дистанционка,1
песней,1
ассоциируется,1
колледже,1
сотрудничает,1
институтом,1
внутренним,1
колористику,1
композицию,1
отдельные,1
дипломная,1
сплошная,1
вода,1
абстрактные,1
мысли,1
панюкова,1
болеешь,1
ковидом,1
первака,1
начисление,1
попыткуесли,1
сказаличто,1
последняя,1
excel,1
получается,1
преподавателем,1
декану,1
соревнования,1
футболу,1
институтов,1
занимающиеся,1
созданием,1
костюмов,1
ткани,1
причину,1
заявлении,1
музычки,1
городов,1
вызов,1
имени,1
слагали,1
легенды,1
земля,1
тряслась,1
ногами,1
небеса,1
благоволили,1
объективно,1
непрофильного,1
ухода,1
часах,1
часы,1
досдаются,1
изучать,1
двоек,1
отправят,1
ке,1
рядом,1
район,1
ебучий,1
предусмотрены,1
иванов,1
википедии,1
ричард,1
столлман,1
читал,1
рабства,1
ктулху,1
создали,1
активностей,1
алибеков,1
игорь,1
юсупович,1
вылетал,1
обращался,1
перерасчетом,1
московским,1
сэкономить,1
мобильной,1
положено,1
пособие,1
академии,1
сиротам,1
оставшимся,1
попечения,1
драку,1
преподом,1
курилке,1
исключения,1
blitz,1
встречается,1
сексизм,1
дискриминация,1
какойлибо,1
рефераты,1
отк,1
григорьев,1
девочку,1
которая,1
мной,1
доту,1
парковой,1
работодателей,1
прокатить,1
играют,1
удалось,1
удатся,1
учбой,1
пацанессы,1
встретиться,1
взглядом,1
встречался,1
приветесть,1
малкова,1
сделанные,1
случилосьчто,1
придется,1
праздновать,1
объединиться,1
академию,1
samsung,1
турики,1
кс,1
больных,1
apple,1
music,1
чрные,1
проводные,1
наушники,1
термехом,1
динамикой,1
тайного,1
санту,1
отм,1
поседко,1
обитают,1
охртруда,1
ml,1
python,1
официальное,1
важному,1
отстойно,1
очевидно,1
никакой,1
получим,1
библиотеку,1
твой,1
читательский,1
переведут,1
незакрытой,1
принимающий,1
сообщает,1
временной,1
пересдачей,1
шахматный,1
курсачам,1
жстко,1
следующую,1
бесплатного,1
возврата,1
расширить,1
контакт,1
людьми,1
занимаютсязанимались,1
реальными,1
автомобилей,1
ермилин,1
получает,1
наличие,1
публикаций,1
письменно,1
положительную,1
состоит,1
деньподскажите,1
основами,1
вариационного,1
исчисления,1
численными,1
методами,1
несложной,1
конструкционным,1
материалам,1
горном,1
универским,1
братьям,1
сестрам,1
жесткий,1
опубликуют,1
зачтов,1
обострения,1
психических,1
заболеваний,1
фазлунин,1
автомат,1
рассказыкниги,1
вокала,1
которому,1
хуже,1
экзамензачт,1
гневашев,1
денис,1
сапрыкин,1
борис,1
юрьевич,1
задачах,1
маркетингу,1
соединили,1
сократили,1
евтихов,1
рециклингу,1
промышленных,1
отходов,1
начертить,1
колтунову,1
криптографические,1
методы,1
физического,1
воспитания,1
распустят,1
легко,1
ебланил,1
подкорректировать,1
пытался,1
возврат,1
какуюнибудь,1
жалобу,1
парыопаздывает,1
половину,1
просрочить,1
типу,1
подтверждающей,1
каждым,1
поднимают,1
научиться,1
радоваться,1
случаях,1
меняют,1
отрабатывать,1
пропущенные,1
ходишь,1
заочную,1
перезвонят,1
пропали,1
нашей,1
добровольно,1
отчислитьсяуйти,1
пункт,1
магистранты,1
посоветовали,1
почитать,1
людям,1
несведующим,1
сменить,1
грунтов,1
четврками,1
происходить,1
хэйо,1
товарисчи,1
однопольчане,1
девушкой,1
пройдите,1
сделайте,1
ссылка,1
httpwebanketacomformscrcdgrqpsmkdv,1
карму,1
прокунин,1
социологии,1
мглу,1
провожу,1
исследование,1
коммерческая,1
ценности,1
студенчества,1
ответив,1
поможете,1
благодарен,1
задайтесь,1
сознание,1
состоянию,1
несколькими,1
назначали,1
дополнительную,1
справке,1
приближается,1
предновогодняя,1
суета,1
остро,1
встат,1
покупке,1
подарков,1
выиграть,1
приз,1
пользой,1
четверг,1
познавательная,1
онлайнлекция,1
рамках,1
лидеры,1
известная,1
российская,1
телеведущая,1
актриса,1
театра,1
кино,1
блогер,1
звезда,1
киножурнала,1
ералаш,1
сериала,1
восьмидесятые,1
анна,1
цукановойкотт,1
прямом,1
эфире,1
поднимет,1
интересную,1
блогерство,1
профессия,1
прибыльное,1
хобби,1
издателей,1
гуртова,1
трип,1
акцентировать,1
претензии,1
слышали,1
чаще,1
двойка,1
пересдано,1
знаеткогда,1
вывешивают,1
восстановленных,1
зимы,1
вытянуть,1
счастливый,1
геометрией,1
читательским,1
билетом,1
тройками,1
заочных,1
связанных,1
невнимательности,1
решении,1
ээоэлектроэрозионная,1
обработка,1
вечеркиоз,1
инвентору,1
асламовой,1
татьяны,1
владимировны,1
маткад,1
атлетикой,1
заполнить,1
таблицу,1
сбалансированного,1
показателей,1
компания,1
старшики,1
осталась,1
перерисованная,1
антиква,1
махач,1
мустафаевич,1
поздно,1
пересдачукомиссию,1
ассоциация,1
осетии,1
задачей,1
питоне,1
динамике,1
устойчивости,1
деньребзя,1
zbrush,1
распечатать,1
dмодель,1
госэкзаменах,1
вопросам,1
связанным,1
иного,1
образовательного,1
учреждения,1
флорбол,1
зачетыэкзамены,1
письменнона,1
компьютерах,1
традиционно,1
билетам,1
математическому,1
анализу,1
дискретной,1
годов,1
решнные,1
дискретке,1
терверу,1
детмашу,1
цена,1
выселиться,1
уходить,1
блокируется,1
прям,1
играете,1
мафию,1
маркова,1
николая,1
игорьевича,1
экзамензачет,1
английского,1
инициативе,1
расчты,1
связанные,1
корпусом,1
примеру,1
теплопотери,1
вентиляция,1
водоснабжение,1
п,1
пришл,1
операционным,1
научную,1
месяцев,1
произошло,1
кафедрой,1
предпринимательство,1
ворд,1
скачать,1
винду,1
дискретная,1
участники,1
элементы,1
памяти,1
тонкопленочных,1
металлполупроводник,1
допускается,1
туризма,1
termo,1
rc,1
чугаева,1
ебаный,1
рот,1
блять,1
сука,1
графической,1
процессами,1
практическое,1
позняк,1
значит,1
никогда,1
светит,1
сложный,1
темнокожие,1
девчули,1
территории,1
кулер,1
бесплатной,1
водой,1
ремонта,1
холодильника,1
мгупе,1
вечерники,1
первая,1
меняли,1
относить,1
электроснабжению,1
верховых,1
александровна,1
док,1
отреагируют,1
укулеле,1
соседи,1
квартир,1
слышать,1
слабое,1
пение,1
митряковой,1
сборная,1
волейболу,1
рекомендация,1
общажники,1
держат,1
грызунов,1
обнаружения,1
комендантами,1
иметь,1
зачетам,1
суммарно,1
пельмени,1
заранее,1
серые,1
коечто,1
каде,1
недорого,1
алексей,1
пикулин,1
георгиевич,1
чернокозов,1
владимир,1
дедхина,1
ольга,1
валерьевна,1
банковскую,1
втб,1
мир,1
пути,1
прилетело,1
умею,1
запоминать,1
нужную,1
обмануть,1
обладательница,1
айфона,1
xs,1
maxон,1
довольно,1
такого,1
вполне,1
хватит,1
лекциимероприятия,1
посетить,1
преподавательницами,1
сагумян,1
ордина,1
шевелева,1
анатольевна,1
помесячно,1
наша,1
любимая,1
староста,1
человекатам,1
любим,1
хотим,1
уходила,1
альпинизма,1
иили,1
скалолазания,1
володина,1
владимировна,1
библиотеке,1
прощания,1
идут,1
покидать,1
фоток,1
корпуса,1
преддипломная,1
бакалавриате,1
школьников,1
fit,1
media,1
буквально,1
часа,1
чехол,1
гитары,1
конфа,1
нг,1
долговдо,1
восстанавливалась,1
второму,1
семестру,1
ерохинфизика,1
упаковки,1
темкто,1
геймдевне,1
помню,1
учебникам,1
пособиям,1
общемоткуда,1
юнитивы,1
юнити,1
здрасьте,1
очнику,1
пропиской,1
мо,1
проконсультируйте,1
факультету,1
атмосфера,1
чатик,1
преподавателе,1
математики,1
курбанмагомедове,1
арслане,1
курбанмагомедовиче,1
madmotion,1
предоставляет,1
студенческому,1
мс,1
офису,1
щедрость,1
очнозаочной,1
претендовать,1
почта,1
султановой,1
юлии,1
михайловны,1
заочным,1
обращаюсь,1
тебе,1
первакстаршак,1
пофигу,1
подозрения,1
короновирус,1
сдай,1
лежи,1
перекрывать,1
многих,1
иной,1
оборот,1
itфакультета,1
проекту,1
big,1
bata,1
светотехнике,1
зимняя,1
мог,1
каковы,1
последствия,1
штрафы,1
дисциплинарки,1
пояснительной,1
запиской,1
торговым,1
паркингом,1
крыше,1
начать,1
посты,1
интересное,1
подобное,1
связанное,1
сферой,1
любительской,1
живая,1
нем,1
ходит,1
слухчто,1
обнуляютсясгорают,1
выговоры,1
коррупцией,1
методические,1
рекомендации,1
имел,1
потерей,1
библиотечной,1
отпишитесь,1
коменты,1
отопление,1
правильные,1
диаграммы,1
работе,1
транспортный,1
тусам,1
учебников,1
задачу,1
саушкину,1
бп,1
заочного,1
расписания,1
сексменьшинств,1
неделе,1
занимает,1
дорога,1
хор,1
кружки,1
гитаратанцырисование,1
филиалы,1
мм,1
знакомые,1
испытание,1
перепоступление,1
предварительно,1
замечательном,1
визитки,1
любят,1
взорвать,1
танцпол,1
стипендиальную,1
ansys,1
разрешается,1
установка,1
угольного,1
топлива,1
вечерняя,1
гибкий,1
общение,1
профессионалами,1
набираться,1
опыта,1
sberseasons,1
смотри,1
огромная,1
экосистема,1
аккумулирован,1
передовой,1
бенчмарки,1
получишь,1
самым,1
актуальным,1
образовательным,1
задачам,1
получаешь,1
участию,1
приглашают,1
аспирантуры,1
живущих,1
санктпетербурге,1
новосибирске,1
екатеринбурге,1
иннополисе,1
иркутске,1
брянске,1
подходишь,1
описание,1
учащиеся,1
поступлениекурсы,1
размагнитилась,1
насущноактуальный,1
бывалым,1
пропуски,1
шарагу,1
планированием,1
эксперимента,1
пересдавать,1
научрук,1
суворов,1
св,1
принимаются,1
идеи,1
продвигали,1
любимый,1
сети,1
общественностьюесть,1
данному,1
вопросу,1
болен,1
коронавирусом,1
истечения,1
анализовсправки,1
восстановить,1
утерянную,1
старше,1
мкадом,1
эоом,1
переставала,1
действовать,1
украли,1
прянишникова,1
главный,1
корпус,1
занятиянеделю,1
вычислительную,1
технику,1
довольны,1
уровнем,1
преподавания,1
получаемых,1
навыков,1
программированию,1
убираются,1
подъездах,1
лифт,1
подмести,1
дистанционном,1
сдо,1
правовую,1
журналистку,1
сафронова,1
ивл,1
принтер,1
обезьяна,1
шестом,1
летия,1
учаться,1
историки,1
образцы,1
бушные,1
документации,1
интеграция,1
приема,1
задолженностей,1
проекте,1
материалпримерные,1
дисплинарное,1
слушание,1
цифровой,1
технопарк,1
мосгормаш,1
зуме,1
пгс,1
spotify,1
заколебали,1
орать,1
ночами,1
одни,1
живте,1
тату,1
лице,1
потехину,1
журфака,1
степуха,1
вебприложениях,1
евтихова,1
туризм,1
психологии,1
дистанционное,1
последних,1
маткадом,1
оставьте,1
коментах,1
краткое,1
изъяснение,1
оформлении,1
сайта,1
универсальный,1
сборочный,1
конвейер,1
мостовой,1
оао,1
кааз,1
платы,1
отъезда,1
струны,1
тролли,1
срывали,1
vk,1
проводит,1
пиксельбаттл,1
общими,1
усилиями,1
сделаем,1
классное,1
правительства,1
ответьте,1
техносферка,1
метят,1
гейм,1
дев,1
обратится,1
карточки,1
бухгалтерия,1
помогли,1
тк,1
аспирант,1
вижу,1
участникипризеры,1
bmw,1
group,1
russia,1
изучению,1
испанского,1
михалке,1
пту,1
истрия,1
изнасилованной,1
убитой,1
девочкой,1
помог,1
хеллоу,1
комментариях,1
тратите,1
еду,1
поездки,1
д,1
пропускать,1
отмечают,1
онлайнобразования,1
здачи,1
преподавателях,1
заволновался,1
правильности,1
государственная,1
академическая,1
зачетноэкзаменационной,1
назначалась,1
последнего,1
выходил,1
родили,1
renault,1
техноград,1
незакрытую,1
отписаться,1
ем,1
пианино,1
слышалчто,1
умер,1
паре,1
вышли,1
дальше,1
материаловеднию,1
бюро,1
медиалаб,1
стартаплаб,1
великобританию,1
купить,1
чирлидингом,1
позиций,1
рейтингах,1
первокурснику,1
преклепляться,1
конкретной,1
поликлинике,1
самостоятельный,1
любители,1
аниме,1
приехали,1
рфвы,1
самоизоляции,1
сидели,1
флешку,1
настольщики,1
собираются,1
настольные,1
знаточки,1
деньгами,1
кэшбеком,1
профкому,1
работал,1
ерохин,1
двадцать,1
восьмого,1
набор,1
творческую,1
студию,1
вокал,1
подготовиться,1
общественнью,1
иноземцев,1
рф,1
открыла,1
моей,1
ехать,1
оказывается,1
студентамплатникам,1
многодетных,1
семей,1
строительное,1
заочной,1
кикбоксинга,1
самбо,1
снимает,1
снять,1
рукой,1
печатка,1
мои,1
футбола,1
помогает,1
леопардам,1
аспирантов,1
вузов,1
мосполитех,1
четвртая,1
третий,1
гитару,1
роутер,1
теоретической,1
ребяткикотятки,1
выслали,1
открыть,1
больничный,1
планируют,1
отбор,1
танцевальную,1
ходили,1
предыдущие,1
материалы,1
интересной,1
фамилией,1
зима,1
заниматься,1
data,1
science,1
оператора,1
рушана,1
халитовича,1
заходит,1
лмссистему,1
техподдержка,1
примка,1
жаловатьсято,1
страйкболисты,1
индивидуальном,1
делаете,1
чиллите,1
оч,1
подработка,1
пожно,1
очнозаочным,1
ку,1
матешу,1
базу,1
ю,1
физкультурой,1
спецгруппы,1
академразницей,1
дозвониться,1
политехабухгалтерии,1
моем,1
увидел,1
сообщение,1
очнозаочку,1
гитаристы,1
клавишники,1
которым,1
каверы,1
подписать,1
песни,1
выступлении,1
чирлидеров,1
посвята,1
связались,1
связать,1
закрытых,1
границ,1
прилечу,1
пустят,1
соотношение,1
мальчиков,1
девочек,1
логотипа,1
выдавать,1
студаки,1
кампусные,1
заочкукуратор,1
подоходного,1
налога,1
родителям,1
волейбольнаяженская,1
смешанная,1
отборочные,1
короче,1
таланта,1
умений,1
армейку,1
перездач,1
связался,1
сообщил,1
копии,1
прозвучит,1
смешной,1
любопытно,1
одном,1
старых,1
сайтов,1
отыскала,1
путеводитель,1
первокурсника,1
объяснялось,1
спортивная,1
испытаниях,1
списать,1
готовить,1
залы,1
восех,1
задавать,1
кста,1
заебали,1
суть,1
компьютерный,1
практикум,1
дмина,1
юрьевна,1
тимофеев,1
виктор,1
простой,1
группой,1
смену,1
карантинаа,1
какуюто,1
казахстанаалматы,1
заселяются,1
строители,1
обучающихся,1
играющие,1
шашки,1
распределили,1
заселился,1
заселяетсязаселился,1
шестая,1
промышленный,1
имеется,1
спортзал,1
будучи,1
абитуриентом,1
личного,1
общажникам,1
возникала,1
дерматолога,1
дерматовенеролога,1
поликилинике,1
блок,1
мобилизационным,1
отделом,1
ежели,1
начнт,1
вся,1
адаптиве,1
попадать,1
собирается,1
учебном,1
седьмую,1
теплоэнергетики,1
теплотехники,1
первокурсники,1
попал,1
универов,1
прощения,1
узнавать,1
поступивших,1
улице,1
автозоводской,1
капмпусах,1
связей,1
учились,1
счт,1
новая,1
флюорография,1
весной,1
делала,1
подскажитеа,1
коронавирус,1
идет,1
поставить,1
overwatch,1
начнтся,1
поступаешь,1
зачисленные,1
выбравшие,1
цифровые,1
ближе,1
месту,1
перешли,1
медицинскими,1
справками,1
магистр,1
трассой,1
никак,1
главном,1
семновская,1
основном,1
твоего,1
переводувосстановлению,1
прикреплнная,1
карантином,1
успели,1
выдать,1
общежитиедо,1
радиотехника,1
общаг,1
откроется,1
заверить,1
поближе,1
моему,1
холодильные,1
креагенные,1
жизнеобеспечания,1
проволятся,1
планирует,1
арендовать,1
встреча,1
роде,1
окончанию,1
волны,1
конец,1
пролетела,1
приехала,1
расселять,1
технологический,1
инжиниринг,1
производстве,1
художественных,1
пишите,1
вообщеа,1
специальностиеще,1
фиг,1
нароешь,1
прошууу,1
d,1
autodesk,1
alias,1
интернетом,1
теплоэнергетику,1
теплотехнику,1
предложением,1
отучиться,1
прошл,1
бакалавр,1
предложили,1
переходить,1
перепоступать,1
дотацию,1
пис,1
интеграцию,1
плюсы,1
минусы,1
магистру,1
псс,1
соскучились,1
скорее,1
редкость,1
специальностям,1
площадке,1
тащить,1
старшим,1
вышел,1
зачислен,1
азербайджане,1
следоватеоьн,1
авиарейсы,1
способы,1
пересечения,1
первое,1
технологические,1
оборудование,1
киберфизику,1
ск,1
владеет,1
волну,1
бакалавра,1
колеблюсь,1
машиностроением,1
наземными,1
транспортнотехнологическими,1
срадствами,1
инноватики,1
училисьтся,1
виртуальной,1
реальности,1
прохожу,1
компьютерная,1
лингвистика,1
льготное,1
возле,1
ограничено,1
организационные,1
собрания,1
состоятся,1
httpsvkcomautohigh,1
несостыковочка,1
видеообзорах,1
общежитий,1
квартирного,1
коридорного,1
казахстана,1
дополнительные,1
менеджментеэкономике,1
вайфаем,1
говорится,1
категорически,1
энерго,1
ресурсы,1
нефтехимии,1
интегрированные,1
брендкоммуникации,1
вечеркакие,1
химической,1
специальностихолодильнаякриогенная,1
жизнеобеспечения,1
рудн,1
сапра,1
вебтехнологий,1
криогенику,1
проживания,1
идт,1
плохие,1
объявить,1
мжурналистика,1
контракточка,1
учитсякак,1
азербайджанец,1
выбрал,1
балла,1
шанцы,1
конкурсу,1
объяснить,1
большими,1
данными,1
системная,1
аналитика,1
ответам,1
поняла,1
совмещал,1
секцией,1
кружком,1
танцами,1
школьная,1
наверстать,1
вк,1
выкладывают,1
мгупа,1
машиностроениезаочнорасскажите,1
длительный,1
ищет,1
соседа,1
раздумываю,1
быдлофрикизайчикилапочки,1
нужное,1
подчеркнуть,1
само,1
прочее,1
оборудованиетехникааппаратура,1
новоесредненькоестарое,1
консультация,1
впечатлениями,1
опыте,1
организационно,1
всеобщий,1
салам,1
вебтех,1
комментах,1
преподами,1
личную,1
далее,1
сапре,1
киберфиз,1
бейте,1
баллом,1
физрусс,1
этими,1
жстче,1
мэи,1
дочь,1
разрабатывать,1
возникли,1
также,1
найдутся,1
ответят,1
вычитала,1
консультациях,1
менеджменте,1
комменты,1
пропустила,1
литературе,1
входит,1
приветчто,1
учбыбудем,1
встаки,1
распределяется,1
расселение,1
веб,1
поступают,1
условиям,1
живут,1
ом,1
вкратце,1
долгий,1
молдавии,1
эксплуатация,1
транспортнотехнологич,1
нефтегаз,1
икт,1
неизвестно,1
удаленке,1
обитатели,1
ого,1
девушка,1
общежитиино,1
физкультуры,1
смотреть,1
дви,1
рейтинговые,1
подавших,1
творческие,1
заочномочное,1
нефтегазовое,1
композиции,1
вопросик,1
утра,1
предоставления,1
общежитияживу,1
подмосковье,1
добираться,1
около,1
фта,1
смотрю,1
одно,1
заявок,1
настолько,1
страшный,1
жестокий,1
вопроса,1
нажимал,1
саму,1
собеседование,1
поток,1
выскакивала,1
авторизации,1
открывалась,1
ровно,1
ссылкой,1
здравствуйтектонибудь,1
томкак,1
общагами,1
прошли,1
контроле,1
впечатление,1
зачетов,1
кучу,1
университетов,1
наткнулся,1
виду,1
неплохой,1
почитав,1
ужаснулся,1
хиджабу,1
россии,1
заказывал,1
использования,1
дистанционных,1
ректора,1
обязательная,1
сдача,1
чаво,1
последние,1
салют,1
карте,1
видно,1
ближайшая,1
вузу,1
находится,1
михайловской,1
таки,1
заселять,1
рандомно,1
зависимо,1
техносферной,1
хелп,1
согласию,1
издательском,1
известна,1
tabiturient,1
плохих,1
забивают,1
ничему,1
опубликовываться,1
примерные,1
спецухе,1
технология,1
вспомнить,1
прошедших,1
оочень,1
маленьким,1
количеством,1
странность,1
податся,1
пешком,1
нахожусь,1
выехать,1
собственного,1
присутствия,1
транспортый,1
подписывать,1
отправлять,1
вебтехнологииприкладная,1
противоречивые,1
рассматривать,1
уст,1
аккредитацией,1
выделено,1
информационная,1
системинформационная,1
туда,1
снимал,1
приветхочу,1
биотехнологиюстоит,1
вкатиться,1
курсере,1
ит,1
солнышки,1
искусство,1
экономики,1
беспокоит,1
раздражает,1
зажмотил,1
нормальные,1
настоящее,1
изучают,1
рассматривают,1
имея,1
российское,1
гражданство,1
отчсления,1
далеко,1
уника,1
проводиться,1
хорош,1
подала,1
инженерные,1
чисто,1
корочки,1
примете,1
бюджетено,1
научной,1
расчитыватать,1
стипуху,1
отдаетпродает,1
вайфай,1
ротуер,1
какиелибо,1
приветподскажите,1
заселятся,1
экзаменахтестирования,1
списывания,1
использование,1
интернета,1
заполнять,1
класса,1
база,1
вступитьным,1
образовательный,1
кредит,1
оцениваете,1
возможностьей,1
скорей,1
воспользоваться,1
столовая,1
местечко,1
перекуситьвыпить,1
кофейку,1
сложнеепоступить,1
деньу,1
вопросктонибудь,1
сумма,1
материальной,1
квитанцию,1
зачетке,1
надеяться,1
мой,1
друг,1
питера,1
информационновычислительные,1
сведения,1
оплатах,1
отображаются,1
седьмая,1
числиться,1
живтмертвая,1
складывается,1
неоднозначное,1
перечень,1
госов,1
организованы,1
остальное,1
специалитете,1
тс,1
повышения,1
данной,1
отл,1
лампа,1
ногтей,1
проходной,1
пойдешь,1
особого,1
значения,1
имеет,1
главное,1
запарно,1
загруженности,1
какимто,1
видам,1
спорта,1
командным,1
легкая,1
атлетика,1
вкурсе,1
практический,1
пересдавал,1
последующих,1
экзаменационные,1
первые,1
соседние,1
прогрессивным,1
крайний,1
выезда,1
разрешают,1
очную,1
образов,1
учреждений,1
изменится,1
корочку,1
отчислен,1
службу,1
продолжить,1
восстановления,1
интересуют,1
электронные,1
специальностей,1
защищал,1
перепоступал,1
позвонить,1
труда,1
фки,1
мгу,1
июля,1
мечтали,1
космосе,1
мама,1
просила,1
сначала,1
экономиста,1
строителя,1
учителя,1
юриста,1
менеджера,1
возникло,1
рус,1
кодят,1
некрасов,1
теплофизика,1
выслать,1
отсутствовать,1
вручении,1
обратить,1
начинающуюся,1
хххх,1
посоветуйте,1
полегче,1
отчислениями,1
осенью,1
степухи,1
равно,1
техн,1
м,1
существую,1
мртвая,1
плачу,1
самой,1
сентябре,1
соседями,1
получилось,1
пересечься,1
мертвая,1
отзывах,1
заселится,1
определяться,1
дата,1
телефонам,1
скажет,1
полагается,1
паркуетесь,1
сферу,1
информационную,1
безопасностьи,1
расспросить,1
факультетами,1
теряя,1
степухисоциальная,1
поселиться,1
абитуриенту,1
прочие,1
подобные,1
позадавать,1
материаловедением,1
сварки,1
ошиблись,1
рекламу,1
артамонова,1
ив,1
шарящий,1
матанализе,1
линейным,1
программированием,1
двойственности,1
сотки,1
переходника,1
type,1
футболом,1
самая,1
жесткая,1
подряд,1
московской,1
сидит,1
аппеляционной,1
pr,1
вшпим,1
август,1
проходные,1
повысятся,1
ранний,1
научрука,1
мать,1
вышла,1
замуж,1
отчима,1
домохозяйкой,1
имею,1
инете,1
три,1
неуда,1
рыбаковой,1
архангельского,1
александра,1
wordexel,1
семейном,1
бойковой,1
галины,1
васильевны,1
сайт,1
построением,1
планов,1
скоростей,1
ускорений,1
сетям,1
речь,1
презентации,1
повысить,1
размер,1
четврка,1
пересдаешь,1
ставили,1
внутренний,1
рытиковдистанционно,1
закрыла,1
вернется,1
началом,1
допустимо,1
переезжаю,1
причинам,1
начало,1
днемвечером,1
сопроматом,1
готовились,1
задам,1
банальный,1
заехать,1
бизнеспроектами,1
примной,1
подачей,1
июнь,1
завала,1
общагуесли,1
жестко,1
вышмат,1
михаил,1
яковлевич,1
задачкой,1
механику,1
слететь,1
инж,1
графикеавтокаду,1
жукова,1
галина,1
севастьяновна,1
гусева,1
помнит,1
примерную,1
находить,1
свободных,1
местах,1
неуд,1
внесена,1
защитил,1
платится,1
выпуска,1
правая,1
фара,1
оригинал,1
бу,1
ремень,1
генератора,1
лансера,1
неуспеваемости,1
поговорить,1
справедливости,1
выставления,1
курить,1
вейп,1
давайте,1
критиковать,1
конструктивно,1
окей,1
скольким,1
чертежи,1
разрезами,1
инжеграф,1
перспективные,1
кафедр,1
хээй,1
можетхочет,1
шкаф,1
написанием,1
главы,1
оформлением,1
дипа,1
экзаменызачты,1
онлайну,1
ав,1
неуплату,1
никаких,1
умеющий,1
решать,1
задачки,1
программеры,1
плюсам,1
сложноли,1
заочникам,1
математическое,1
моделирование,1
шатрову,1
александру,1
федоровичу,1
лагерь,1
допустима,1
хвостов,1
теряю,1
управлении,1
какомто,1
программному,1
обеспечению,1
проконсультирует,1
теормеху,1
денежку,1
следующая,1
марта,1
библиотека,1
сохраняется,1
когобудь,1
линал,1
красников,1
деньутровечерночь,1
думал,1
тщательно,1
читают,1
дипломную,1
появляются,1
годуу,1
способе,1
обычном,1
случиться,1
специальностинапример,1
програмной,1
инженерии,1
вовторых,1
ревякова,1
электронным,1
изданиям,1
подъездами,1
копылов,1
перевелся,1
процедуре,1
бывает,1
кафедра,1
электрооборудования,1
мами,1
пространства,1
коворкинга,1
отвечать,1
полугодии,1
вопросыбилеты,1
вступительному,1
май,1
доверенности,1
математической,1
статистике,1
ниже,1
предоставленных,1
вариантов,1
суббота,1
webтехнологиях,1
принятых,1
мер,1
свою,1
транспортное,1
действия,1
предпринять,1
выдают,1
бакалаврам,1
сдает,1
банальное,1
вышка,1
всегда,1
прокатит,1
пробовала,1
факту,1
выпускникам,1
нетоповом,1
прошлого,1
расторгнуть,1
проживании,1
вузовском,1
ка,1
любите,1
слушать,1
музыку,1
слушайте,1
делайте,1
слушаете,1
ночам,1
посещением,1
авдонин,1
кирилл,1
алгоритмизации,1
машиностроении,1
клоун,1
дисциплинарной,1
ребяткто,1
написал,1
лабораторки,1
поздняков,1
владимирович,1
аналитической,1
химиихроматографии,1
поступающего,1
издательский,1
редакторский,1
факультеты,1
создания,1
электронных,1
изданий,1
даровских,1
остается,1
физикой,1
герасимова,1
перепроверяет,1
ей,1
скрина,1
проживание,1
ковид,1
допускали,1
книгу,1
подписания,1
обходного,1
листа,1
присутствовать,1
волна,1
провалов,1
действует,1
дистанционного,1
сгорела,1
попытка,1
закрываешь,1